Year,State,County,Uninsured #,Uninsured %,Uninsured 95% CI - Low, Uninsured 95% CI - High, Uninsured Z-Score,Adults Uninsured # ,Adults Uninsured % ,Adults Uninsured 95% CI - Low,Adults Uninsured 95% CI - High,Children Uninsured #,Children Uninsured %,Children Uninsured 95% CI - Low,Children Uninsured 95% CI - High,Unemployed # ,Labor Force,Unemployed %,Unemployed Z-Score,Severe Housing Problems %,Severe housing problems 95% CI - Low,Severe housing problems 95% CI - High,Severe Housing Cost Burden,Overcrowding,Inadequate Facilities,Severe housing problems Z-Score,Homeowners #,Homeowners % ,Homeowners 95% CI - Low,Homeowners 95% CI - High,Households with Severe Cost Burden #,Severe Housing Cost Burden %,Severe housing cost burden 95% CI - Low,Severe housing cost burden 95% CI - High
2022,California,Alameda,72422,5,5,6,-1.73,63889,6,5,6,9745,3,2,3,71396,813807,8.8,-0.38,23,23,24,17,8,1,0.36,307281,54,53,54,95623,17,17,18
2022,California,Alpine,72,9,7,10,0.07,61,10,8,12,12,6,4,7,58,517,11.2,0.61,20,9,30,23,4,0,-0.59,321,81,72,90,23,6,0,18
2022,California,Amador,1851,7,6,9,-0.54,1612,9,7,10,259,4,3,5,1317,14424,9.1,-0.23,18,15,21,16,3,1,-0.95,11396,77,74,80,2332,16,13,19
2022,California,Butte,13710,8,7,9,-0.35,12590,10,8,11,1285,3,2,4,8509,92604,9.2,-0.21,23,21,24,19,3,1,0.14,49887,59,58,61,14808,18,17,20
2022,California,Calaveras,2579,8,7,9,-0.33,2262,9,8,10,348,4,3,6,1619,21207,7.6,-0.84,20,17,23,18,2,1,-0.53,13492,80,77,82,2982,18,15,21
2022,California,Colusa,2195,12,11,14,1.85,1893,15,13,18,330,6,4,7,1675,10499,16,2.52,18,15,22,11,7,1,-0.92,4651,63,59,68,791,11,8,14
2022,California,Contra Costa,62447,6,6,7,-1.04,55219,8,7,9,8310,3,2,4,48020,541256,8.9,-0.34,20,20,21,16,5,1,-0.39,266238,67,66,67,64279,16,16,17
2022,California,Del Norte,1652,8,7,10,-0.06,1447,10,9,12,222,4,3,5,884,9350,9.5,-0.1,20,16,23,16,5,1,-0.56,6706,68,65,72,1490,16,13,19
2022,California,El Dorado,9349,6,5,7,-1.17,8099,7,6,8,1388,3,2,4,7490,90752,8.3,-0.59,18,16,19,15,2,1,-1.1,55193,76,74,77,11219,16,14,17
2022,California,Fresno,82348,10,9,11,0.6,73200,13,12,14,10083,4,3,4,50260,445518,11.3,0.63,27,26,27,19,9,1,1.15,166420,54,53,54,55662,19,18,19
2022,California,Glenn,2905,12,11,14,1.96,2496,16,13,18,445,6,4,8,1113,12568,8.9,-0.35,21,17,25,18,4,1,-0.24,5970,58,54,63,1883,20,15,24
2022,California,Humboldt,10146,10,8,11,0.49,9146,11,10,13,1105,4,3,5,4965,59411,8.4,-0.55,24,23,26,20,4,2,0.61,30761,57,55,58,11231,22,20,23
2022,California,Imperial,14070,10,8,11,0.56,12480,13,11,15,1764,3,2,4,15653,69602,22.5,5.16,27,25,29,18,10,1,1.14,26589,58,56,60,8281,19,16,21
2022,California,Inyo,1234,9,8,10,0.27,1057,11,9,12,193,5,3,7,647,8305,7.8,-0.78,18,15,21,15,2,2,-1.07,5170,65,62,68,1034,14,11,17
2022,California,Kern,70588,9,8,10,0.4,62680,12,11,14,8803,3,3,4,48062,383769,12.5,1.14,24,24,25,17,9,1,0.59,161113,59,58,60,45292,17,16,18
2022,California,Kings,11212,9,8,11,0.43,9900,12,11,14,1448,3,2,5,6533,56416,11.6,0.76,22,20,24,15,8,1,-0.07,23368,54,51,56,5863,14,12,16
2022,California,Lake,4557,9,8,11,0.44,4019,11,10,13,576,4,3,5,2700,28267,9.6,-0.06,20,18,23,18,3,0,-0.39,17276,68,65,70,4217,17,15,20
2022,California,Lassen,914,5,4,6,-1.79,789,6,5,7,138,3,2,3,676,9461,7.1,-1.04,14,12,17,13,1,1,-1.96,6291,69,66,71,1159,13,11,16
2022,California,Los Angeles,940376,11,11,11,1.29,864634,14,13,14,85306,4,3,4,629811,4921499,12.8,1.25,32,32,33,23,11,2,2.62,1534472,46,46,46,762517,24,23,24
2022,California,Madera,13807,11,10,12,1.23,12305,15,13,16,1676,4,3,5,6649,61738,10.8,0.43,24,22,26,16,9,1,0.38,29270,66,64,68,6815,16,14,18
2022,California,Marin,10406,5,5,6,-1.62,8906,6,5,7,1713,3,2,4,8662,130138,6.7,-1.23,22,21,23,19,4,1,0.05,66719,64,62,65,19177,19,17,20
2022,California,Mariposa,1190,10,8,11,0.68,1040,11,9,13,163,6,4,7,781,7162,10.9,0.48,20,16,23,17,2,2,-0.62,5520,70,68,73,1442,19,15,23
2022,California,Mendocino,6908,11,9,12,1.03,6083,13,11,14,904,5,3,6,3292,37015,8.9,-0.33,26,24,28,21,5,2,1.01,20611,60,58,63,6538,20,18,22
2022,California,Merced,26939,11,10,13,1.45,24272,15,14,17,2962,4,3,5,13981,114736,12.2,1,25,23,26,16,10,1,0.68,42480,52,51,54,11920,15,14,17
2022,California,Modoc,709,11,10,13,1.49,621,14,12,16,93,5,4,7,270,3170,8.5,-0.48,14,10,18,12,3,0,-2,2752,77,72,81,373,11,6,16
2022,California,Mono,1258,11,9,12,1.03,1119,12,10,14,154,6,4,8,929,7846,11.8,0.86,9,5,13,9,1,0,-3,3535,68,67,69,474,9,5,14
2022,California,Monterey,42273,12,11,13,1.71,38218,16,14,17,4563,4,3,5,23082,213471,10.8,0.44,29,28,30,18,14,1,1.87,66346,52,51,53,23077,18,17,19
2022,California,Napa,9391,9,8,10,0.08,8186,10,9,12,1352,5,3,6,6014,68867,8.7,-0.4,22,21,23,16,6,2,-0.04,31424,65,63,66,8144,17,16,19
2022,California,Nevada,4976,7,6,8,-0.78,4347,8,7,9,699,4,3,5,3702,46489,8,-0.71,20,18,22,18,2,1,-0.43,30605,75,73,77,7521,19,17,21
2022,California,Orange,235378,9,8,9,0.14,211263,11,10,11,27232,4,3,4,136563,1553301,8.8,-0.37,27,26,27,19,9,1,1.14,595228,57,57,58,199827,20,19,20
2022,California,Placer,15593,5,4,5,-1.84,13431,6,5,7,2442,3,2,3,13573,184892,7.3,-0.96,17,16,18,15,2,1,-1.23,106894,73,72,74,20740,15,14,16
2022,California,Plumas,886,7,6,8,-0.9,763,8,6,9,136,4,3,5,806,7559,10.7,0.38,17,13,20,15,1,1,-1.36,6077,73,69,77,1136,14,11,17
2022,California,Riverside,203605,10,9,10,0.66,183711,13,12,13,22185,3,3,4,109998,1107723,9.9,0.09,25,25,26,19,7,1,0.8,497259,68,67,68,137012,19,19,20
2022,California,Sacramento,89530,7,6,7,-0.85,79690,8,8,9,10948,3,2,4,65558,707182,9.3,-0.18,22,21,22,18,5,1,-0.07,314234,57,57,58,92776,17,17,18
2022,California,San Benito,4869,9,8,10,0.21,4199,11,9,13,741,4,3,6,3119,31528,9.9,0.07,22,20,25,15,8,1,0.1,12013,65,63,68,2785,15,13,18
2022,California,San Bernardino,184915,10,9,11,0.68,164814,13,12,13,22438,4,3,5,91295,966206,9.4,-0.11,26,26,27,19,9,1,1.06,384774,60,59,61,115527,18,18,19
2022,California,San Diego,247271,9,8,9,0.2,222201,11,10,11,27812,4,3,4,141814,1538361,9.2,-0.2,25,25,25,20,7,1,0.76,609350,54,53,54,225465,20,20,21
2022,California,San Francisco,37808,5,5,6,-1.7,35113,6,5,6,3056,2,2,3,43525,556056,7.8,-0.76,24,23,24,16,6,4,0.42,137679,38,37,39,57313,16,16,17
2022,California,San Joaquin,53036,8,7,9,-0.17,46804,10,9,12,6990,3,2,4,37374,331828,11.3,0.63,24,24,25,18,7,1,0.56,133381,58,57,59,40111,18,17,19
2022,California,San Luis Obispo,14763,7,6,8,-0.77,12969,8,7,9,2028,4,3,5,10195,132690,7.7,-0.82,21,20,22,18,3,1,-0.2,66635,63,61,64,19059,18,17,20
2022,California,San Mateo,37100,6,5,6,-1.39,32679,7,6,7,5084,3,2,4,29748,433876,6.9,-1.15,24,23,24,17,8,1,0.38,157703,60,59,61,45979,18,17,19
2022,California,Santa Barbara,43058,12,11,13,1.76,39104,15,13,17,4519,4,3,6,17335,217510,8,-0.7,29,28,30,20,11,1,1.78,77504,52,51,53,28335,20,19,21
2022,California,Santa Clara,91263,6,5,6,-1.53,81141,7,6,7,11618,3,2,3,71340,1020693,7,-1.1,23,22,23,16,8,1,0.19,358228,56,56,57,98508,16,15,16
2022,California,Santa Cruz,17026,8,7,9,-0.31,15106,9,8,10,2164,4,3,5,12714,133646,9.5,-0.08,27,26,28,21,7,1,1.21,58094,60,59,62,19145,20,19,22
2022,California,Shasta,11387,8,7,9,-0.2,10256,10,9,12,1255,3,2,4,6343,72827,8.7,-0.4,22,21,23,18,3,2,0.04,46238,65,64,66,12968,19,17,20
2022,California,Sierra,144,7,6,8,-0.72,123,8,7,9,22,4,3,6,103,1282,8,-0.68,17,7,28,17,0,0,-1.18,917,73,59,88,253,22,10,33
2022,California,Siskiyou,2910,9,8,11,0.36,2550,11,9,13,390,4,3,6,1637,16923,9.7,-0.02,19,18,21,15,3,2,-0.67,12659,66,64,68,2753,15,13,17
2022,California,Solano,21935,6,5,7,-1.27,19423,7,6,8,2852,3,2,3,19205,202812,9.5,-0.1,21,20,22,16,5,1,-0.25,93839,62,61,63,23537,16,15,17
2022,California,Sonoma,30207,8,7,9,-0.37,26419,9,8,10,4270,4,3,5,19300,245091,7.9,-0.74,23,22,23,18,5,1,0.13,115845,61,60,62,33516,18,17,19
2022,California,Stanislaus,39386,8,8,9,-0.07,34577,11,9,12,5298,3,3,4,25756,240641,10.7,0.4,23,22,24,17,7,1,0.26,102675,59,58,60,29762,18,17,19
2022,California,Sutter,7213,9,8,10,0.19,6307,11,10,13,1003,4,3,5,4995,45467,11,0.51,19,17,21,13,6,1,-0.72,19267,59,57,61,4366,14,12,15
2022,California,Tehama,4448,9,7,10,0.08,3930,11,9,13,569,4,3,5,2262,25579,8.8,-0.35,23,21,26,18,5,1,0.3,16282,66,64,68,4376,19,16,21
2022,California,Trinity,867,10,9,12,0.79,762,12,10,14,115,5,4,7,360,4515,8,-0.7,20,16,24,16,3,2,-0.48,4041,69,64,73,932,17,11,22
2022,California,Tulare,38062,10,9,10,0.49,34198,13,12,14,4394,3,2,4,26299,199151,13.2,1.41,27,25,28,18,10,1,1.13,79353,57,56,58,24709,18,17,20
2022,California,Tuolumne,2498,7,6,8,-0.88,2160,8,6,9,368,4,3,5,2084,20038,10.4,0.28,20,17,22,16,3,2,-0.63,16886,74,71,76,3736,17,14,20
2022,California,Ventura,72745,10,10,11,0.91,65807,13,12,14,7900,4,3,5,34964,408867,8.6,-0.47,23,23,24,18,7,1,0.32,172037,63,62,64,48788,18,18,19
2022,California,Yolo,12146,7,6,8,-0.94,10922,8,7,9,1455,3,2,4,7915,105026,7.5,-0.88,24,23,25,19,6,1,0.47,38280,51,50,53,13680,19,18,20
2022,California,Yuba,5424,8,7,9,-0.21,4705,10,9,12,781,4,2,5,3163,30042,10.5,0.33,23,21,25,16,7,2,0.22,16089,61,58,63,3951,15,13,18
2022,Wyoming,Albany,4179,13,11,15,-0.95,3629,14,12,16,617,10,7,13,780,19726,4,-1.25,21,19,24,18,2,1,2.75,8387,52,50,54,3433,22,18,26
2022,Wyoming,Big Horn,1942,22,19,24,2.28,1472,24,21,27,499,17,12,22,269,5381,5,-0.35,11,8,14,8,2,1,-0.15,3290,75,70,79,274,7,4,9
2022,Wyoming,Campbell,5531,13,12,15,-0.83,4322,15,13,17,1311,10,7,13,1617,23439,6.9,1.29,13,10,16,11,3,0,0.4,13056,75,72,77,1959,12,8,15
2022,Wyoming,Carbon,2029,18,16,20,0.79,1579,19,17,22,480,14,10,18,368,8111,4.5,-0.75,11,8,14,8,4,0,-0.11,4398,71,68,73,528,9,6,12
2022,Wyoming,Converse,1564,14,12,15,-0.73,1234,15,13,18,358,10,7,13,486,8163,6,0.47,7,4,11,5,3,0,-1.26,4177,76,71,82,247,5,2,7
2022,Wyoming,Crook,1021,17,15,19,0.58,732,18,15,20,305,16,11,20,151,3908,3.9,-1.32,12,7,16,9,2,2,0.04,2241,79,74,85,262,10,6,15
2022,Wyoming,Fremont,6931,22,20,25,2.6,5141,24,22,27,1895,18,14,23,1206,19326,6.2,0.72,13,11,15,7,4,2,0.35,10383,70,68,72,1218,9,7,10
2022,Wyoming,Goshen,1413,16,13,18,-0.03,1157,17,15,20,277,11,8,14,284,6639,4.3,-0.97,10,7,14,9,1,1,-0.37,3791,72,69,76,550,11,6,16
2022,Wyoming,Hot Springs,476,15,13,17,-0.17,385,17,14,20,98,11,8,14,113,2249,5,-0.33,9,5,13,8,1,0,-0.8,1555,71,69,74,184,9,3,15
2022,Wyoming,Johnson,889,14,12,16,-0.61,689,15,13,18,211,11,8,15,232,4192,5.5,0.11,15,9,21,14,1,2,0.98,2808,71,65,77,282,8,4,12
2022,Wyoming,Laramie,9645,12,11,13,-1.45,7824,13,12,15,1961,8,6,10,2595,50826,5.1,-0.26,12,11,14,11,2,1,0.2,29169,73,71,75,3949,10,8,12
2022,Wyoming,Lincoln,2607,16,14,18,0.19,1906,17,15,20,745,14,10,17,466,9373,5,-0.37,9,7,12,7,2,1,-0.62,5906,80,78,83,424,6,3,9
2022,Wyoming,Natrona,9564,15,13,16,-0.41,7875,17,15,19,1823,9,7,12,3181,40710,7.8,2.07,11,9,12,8,2,1,-0.32,23220,71,69,73,3043,9,8,11
2022,Wyoming,Niobrara,294,19,16,22,1.33,238,21,18,24,61,14,10,19,48,1265,3.8,-1.38,16,7,26,15,2,1,1.32,681,76,67,85,101,13,4,21
2022,Wyoming,Park,3022,14,12,16,-0.63,2444,15,13,18,625,10,7,13,831,15380,5.4,0,9,7,12,8,1,1,-0.66,9243,74,69,78,999,8,6,11
2022,Wyoming,Platte,916,15,13,17,-0.24,726,16,14,19,203,12,8,15,233,4651,5,-0.34,9,5,13,9,0,0,-0.82,2916,76,71,81,357,10,4,15
2022,Wyoming,Sheridan,3230,14,12,16,-0.66,2635,16,13,18,642,10,7,13,801,16210,4.9,-0.4,13,10,15,11,1,1,0.28,8991,68,65,71,1704,13,10,17
2022,Wyoming,Sublette,1198,15,13,17,-0.12,909,16,14,18,306,14,10,17,294,4059,7.2,1.58,6,2,10,5,0,0,-1.65,2932,83,81,85,247,7,3,12
2022,Wyoming,Sweetwater,5044,14,12,16,-0.67,4026,16,14,18,1103,10,7,12,1532,20840,7.4,1.67,10,8,12,8,2,1,-0.46,11852,75,73,78,1332,9,6,11
2022,Wyoming,Teton,3472,17,15,20,0.72,2807,18,16,21,705,16,12,20,912,15204,6,0.51,18,13,23,10,7,3,1.85,5609,56,52,60,1129,12,8,15
2022,Wyoming,Uinta,2394,14,12,16,-0.59,1823,16,14,18,613,10,7,14,582,9312,6.3,0.73,11,7,14,8,3,1,-0.32,5996,77,73,81,426,6,3,8
2022,Wyoming,Washakie,943,16,14,18,0.1,763,18,15,20,194,11,8,14,211,4004,5.3,-0.12,8,6,11,6,2,1,-0.9,2510,73,68,78,189,6,3,9
2022,Wyoming,Weston,740,14,12,16,-0.5,583,15,13,18,167,11,8,15,148,3836,3.9,-1.33,13,7,18,11,2,1,0.26,2419,84,82,86,259,9,5,14
2022,South Carolina,Abbeville,2485,14,12,16,0.07,2228,17,14,19,283,6,4,7,670,10124,6.6,0,15,12,18,14,1,0,0.3,7193,75,69,81,1141,13,9,17
2022,South Carolina,Aiken,17918,13,12,15,-0.12,15979,16,14,18,2159,6,4,7,3788,75531,5,-1.13,13,12,14,11,2,1,-0.4,50318,74,72,75,7421,11,10,13
2022,South Carolina,Allendale,618,11,9,13,-1.56,563,13,11,16,61,4,2,5,249,2641,9.4,1.98,15,9,20,13,2,1,0.31,2347,69,63,74,455,14,8,21
2022,South Carolina,Anderson,21364,13,12,15,-0.22,18466,16,14,17,3153,7,5,9,5402,90877,5.9,-0.47,13,12,14,11,2,1,-0.42,57104,73,71,74,7569,10,9,11
2022,South Carolina,Bamberg,1281,13,11,15,-0.47,1158,15,13,18,140,5,4,7,438,4846,9,1.7,14,9,19,12,2,0,-0.08,3910,77,68,86,485,10,6,15
2022,South Carolina,Barnwell,1928,12,10,13,-1.04,1704,14,12,17,250,5,3,7,587,7972,7.4,0.52,15,11,18,13,3,0,0.23,6285,72,68,77,1214,16,11,20
2022,South Carolina,Beaufort,19110,14,13,16,0.5,16382,17,15,19,2958,8,6,10,4166,77127,5.4,-0.86,17,15,18,15,2,1,1.05,55533,75,74,76,9953,14,12,15
2022,South Carolina,Berkeley,23493,12,11,14,-0.73,20421,15,13,16,3366,6,4,8,5874,104916,5.6,-0.72,13,12,14,11,2,0,-0.56,57554,72,71,74,9048,12,11,13
2022,South Carolina,Calhoun,1429,13,11,15,-0.27,1255,15,13,18,191,7,5,9,399,6572,6.1,-0.38,17,12,22,14,2,2,1.35,5062,81,77,86,656,11,7,16
2022,South Carolina,Charleston,43577,13,12,14,-0.26,38038,15,14,16,5944,7,5,9,13387,211939,6.3,-0.21,18,17,19,17,1,1,1.6,101589,62,61,63,25594,16,15,17
2022,South Carolina,Cherokee,6303,14,12,16,0.08,5663,17,14,19,701,5,4,7,2039,25302,8.1,1.01,10,9,12,10,1,0,-1.54,14722,71,68,74,1849,10,8,12
2022,South Carolina,Chester,3169,12,11,14,-0.64,2831,15,13,17,369,5,3,7,1220,13646,8.9,1.63,13,11,15,11,2,0,-0.33,10133,79,77,81,1429,12,9,14
2022,South Carolina,Chesterfield,5393,15,13,17,0.8,4842,18,16,21,607,6,4,8,1323,21834,6.1,-0.39,14,12,16,10,4,1,-0.04,12727,70,67,72,1716,10,7,13
2022,South Carolina,Clarendon,3471,15,13,17,0.63,3144,18,15,20,363,6,4,7,863,12737,6.8,0.11,14,11,16,11,3,1,-0.18,9875,77,76,79,1278,11,9,13
2022,South Carolina,Colleton,4497,15,13,17,1.06,3965,19,16,21,569,7,4,9,1015,16732,6.1,-0.39,11,9,14,10,1,1,-1.05,11326,74,71,78,1490,11,8,14
2022,South Carolina,Darlington,6625,13,11,15,-0.43,5996,16,14,18,701,5,3,6,1979,30521,6.5,-0.09,14,13,16,13,2,1,0.15,18192,70,67,72,3185,13,11,15
2022,South Carolina,Dillon,4073,17,15,19,1.83,3657,21,19,24,453,6,4,8,814,13238,6.1,-0.33,17,14,20,14,3,1,1.12,6551,59,54,63,1417,15,12,19
2022,South Carolina,Dorchester,16151,12,10,13,-1.04,14031,14,12,16,2314,6,4,7,4519,77693,5.8,-0.56,15,13,16,13,2,0,0.33,41270,72,71,74,7649,14,12,16
2022,South Carolina,Edgefield,2641,14,12,15,0.09,2323,16,14,18,355,7,5,9,552,10799,5.1,-1.06,12,10,15,11,2,0,-0.73,6953,76,73,79,918,11,8,14
2022,South Carolina,Fairfield,2044,12,10,14,-0.8,1816,14,12,16,248,6,4,8,760,9637,7.9,0.89,17,12,21,16,2,0,1.03,7014,75,62,89,1231,14,10,18
2022,South Carolina,Florence,13857,12,11,14,-0.6,12400,16,14,17,1616,5,3,6,3744,67150,5.6,-0.73,14,13,16,12,2,1,0.1,34750,66,64,68,6144,12,11,14
2022,South Carolina,Georgetown,6251,14,12,16,0.39,5611,17,15,19,705,6,4,8,1965,26175,7.5,0.63,16,14,18,14,1,1,0.68,20552,80,78,81,3152,13,11,15
2022,South Carolina,Greenville,57215,13,12,14,-0.14,50840,16,15,18,7150,6,5,7,14613,255984,5.7,-0.64,12,12,13,10,2,1,-0.66,135145,68,67,69,21135,11,10,12
2022,South Carolina,Greenwood,7827,14,13,16,0.46,6987,18,15,20,924,6,4,8,2012,31628,6.4,-0.18,15,13,17,13,2,1,0.44,17439,62,60,65,3454,13,10,15
2022,South Carolina,Hampton,1895,13,12,15,-0.04,1675,16,14,19,239,6,4,8,411,8234,5,-1.14,6,4,8,6,0,0,-3,5237,76,73,78,412,6,4,9
2022,South Carolina,Horry,46935,18,16,20,2.59,43265,22,20,24,4037,6,5,8,12741,147697,8.6,1.41,15,15,16,14,2,1,0.53,100572,74,73,75,17567,13,12,14
2022,South Carolina,Jasper,4358,19,17,22,3.35,3925,23,20,27,469,8,5,10,657,12804,5.1,-1.05,19,15,23,15,4,0,1.9,7885,74,70,77,1462,14,10,18
2022,South Carolina,Kershaw,6595,12,11,14,-0.71,5836,15,13,17,841,5,4,7,1566,29490,5.3,-0.92,13,11,15,13,1,0,-0.32,20496,81,79,83,3132,13,11,15
2022,South Carolina,Lancaster,8978,12,10,13,-0.93,7819,14,12,16,1264,6,4,7,2923,42533,6.9,0.18,11,10,13,9,2,1,-1.12,28377,81,79,83,3309,10,8,12
2022,South Carolina,Laurens,7470,14,12,16,0.4,6557,17,15,19,986,7,5,9,2075,30197,6.9,0.18,15,13,17,12,2,1,0.41,18294,72,69,74,3081,13,11,15
2022,South Carolina,Lee,1462,12,11,14,-0.7,1317,15,13,17,160,5,3,6,519,6812,7.6,0.7,16,12,20,15,2,2,0.86,4983,77,74,81,986,17,12,21
2022,South Carolina,Lexington,30853,12,11,14,-0.66,27211,15,14,16,4012,6,4,7,6557,150439,4.4,-1.59,13,12,13,10,2,1,-0.61,86749,75,74,76,11338,10,9,11
2022,South Carolina,McCormick,613,12,10,14,-0.85,551,13,11,16,68,6,4,9,224,3359,6.7,0.04,10,6,13,9,1,0,-1.76,3099,78,75,81,460,12,8,16
2022,South Carolina,Marion,3199,14,12,15,-0.01,2892,17,14,19,334,5,3,7,1037,13251,7.8,0.85,16,13,19,14,2,1,0.8,7174,64,60,68,1464,15,12,19
2022,South Carolina,Marlboro,2578,14,12,16,0.32,2361,18,15,20,242,5,3,6,911,9294,9.8,2.24,15,12,18,12,3,0,0.26,6025,64,60,68,1448,17,13,22
2022,South Carolina,Newberry,4354,15,13,17,0.77,3859,18,16,20,554,7,5,9,921,19201,4.8,-1.28,12,10,15,10,2,1,-0.73,11221,75,72,78,1740,12,9,15
2022,South Carolina,Oconee,8866,15,13,16,0.71,7877,18,15,20,1086,7,5,9,1876,35056,5.4,-0.89,14,12,15,11,2,2,-0.15,23758,73,71,75,3454,11,9,13
2022,South Carolina,Orangeburg,8372,13,11,15,-0.32,7591,16,14,18,864,5,3,6,3155,34945,9,1.7,15,13,17,13,2,1,0.34,22585,67,65,69,4598,15,13,18
2022,South Carolina,Pickens,12827,13,12,15,-0.21,11592,16,14,17,1380,6,4,7,3037,57109,5.3,-0.91,16,14,17,13,2,2,0.77,33227,68,67,70,6534,14,12,16
2022,South Carolina,Richland,37559,11,10,12,-1.27,33679,14,12,15,4319,5,4,6,11661,199718,5.8,-0.55,17,16,18,16,2,1,1.38,92936,60,59,61,25585,17,16,18
2022,South Carolina,Saluda,2835,18,15,20,2.37,2499,21,18,24,362,8,5,11,370,8698,4.3,-1.66,9,7,12,7,2,1,-1.88,5710,78,74,81,741,11,7,14
2022,South Carolina,Spartanburg,33742,13,12,14,-0.31,29207,16,14,17,4934,7,5,8,10427,158701,6.6,-0.03,13,13,14,11,3,1,-0.25,84689,71,70,72,12883,11,10,12
2022,South Carolina,Sumter,10652,12,11,14,-0.6,9593,16,14,18,1175,5,3,6,2947,43534,6.8,0.11,16,14,17,13,3,1,0.68,26918,65,63,66,5324,14,12,15
2022,South Carolina,Union,2642,13,11,14,-0.57,2409,15,13,18,254,4,3,6,1077,12008,9,1.65,12,9,14,10,2,1,-0.88,7823,67,64,70,959,9,6,11
2022,South Carolina,Williamsburg,3122,14,12,16,0.2,2846,17,15,20,303,5,3,7,972,12004,8.1,1.04,17,14,20,14,3,1,1.25,9191,72,69,75,1928,16,13,20
2022,South Carolina,York,27603,12,10,13,-1.11,24377,14,13,16,3597,5,4,6,8747,143890,6.1,-0.38,12,11,13,10,1,1,-1,74898,72,71,74,9805,10,9,11
2021,California,Alameda,70837,5,5,5,-1.57,63772,6,5,6,8207,2,2,3,24671,844346,2.9,-0.81,23,23,24,17,7,1,0.25,308891,54,53,54,96579,17,17,18
2021,California,Alpine,58,7,6,8,-0.48,49,8,6,9,9,4,3,5,28,551,5.1,-0.01,28,17,39,28,4,0,1.43,294,84,79,89,46,13,0,27
2021,California,Amador,1487,6,5,7,-1.01,1315,7,6,8,196,3,2,4,572,14900,3.8,-0.47,18,15,21,16,2,1,-1.12,11165,77,74,79,2417,17,14,20
2021,California,Butte,14119,8,7,9,-0.12,12789,9,8,11,1502,3,2,4,5080,99242,5.1,0.01,22,21,24,19,3,1,-0.04,50331,59,58,60,15648,19,18,20
2021,California,Calaveras,2419,7,6,8,-0.27,2162,9,7,10,288,4,3,5,812,21428,3.8,-0.49,21,18,24,19,2,1,-0.43,13173,78,76,80,2788,17,14,20
2021,California,Colusa,2087,12,10,13,1.96,1859,15,13,17,253,4,3,6,1407,10993,12.8,2.87,20,16,23,11,8,1,-0.75,4410,61,58,64,779,11,8,14
2021,California,Contra Costa,57099,6,5,6,-1.08,50205,7,6,8,7788,3,2,3,17261,561757,3.1,-0.76,20,20,21,16,5,1,-0.55,260244,66,65,66,63787,16,16,17
2021,California,Del Norte,1449,7,6,9,-0.3,1283,9,8,11,184,3,2,4,555,9674,5.7,0.24,20,17,23,17,4,1,-0.63,6273,63,59,67,1431,15,12,18
2021,California,El Dorado,8584,6,5,6,-1.18,7639,7,6,8,1079,3,2,3,3237,92022,3.5,-0.59,18,17,20,16,2,1,-1.13,53750,76,75,77,11058,16,15,17
2021,California,Fresno,74946,9,8,10,0.51,68300,12,11,13,7512,3,2,3,32668,450760,7.2,0.8,27,26,28,19,9,1,1.15,164124,53,53,54,57966,19,19,20
2021,California,Glenn,2741,12,10,14,2.15,2407,15,13,18,362,5,3,6,796,12997,6.1,0.38,21,17,25,17,5,1,-0.4,5988,59,55,63,1704,18,14,22
2021,California,Humboldt,8881,8,7,9,0.17,8076,10,8,11,897,3,2,4,2253,62507,3.6,-0.56,24,23,26,20,4,2,0.46,31078,57,56,58,11400,22,20,24
2021,California,Imperial,12042,8,7,9,0.15,10791,11,10,13,1406,3,2,3,13080,71411,18.3,4.93,26,25,28,17,11,1,1.05,26156,58,57,60,7680,18,16,20
2021,California,Inyo,1051,8,7,9,-0.07,925,9,8,11,141,4,2,5,310,8760,3.5,-0.58,18,14,21,13,2,3,-1.3,5204,65,62,69,1007,13,10,16
2021,California,Kern,68650,9,8,10,0.63,60173,12,11,13,9321,4,3,4,30216,390999,7.7,0.98,24,23,25,17,9,1,0.47,157554,58,58,59,45412,17,17,18
2021,California,Kings,10070,8,7,10,0.31,8898,11,10,13,1299,3,2,4,4566,57788,7.9,1.05,23,21,25,16,8,1,0.11,22733,52,51,54,6121,15,13,16
2021,California,Lake,4313,9,8,10,0.52,3878,11,9,13,477,3,2,5,1471,29158,5,-0.02,22,19,24,20,3,0,-0.24,17034,66,65,68,4283,18,15,20
2021,California,Lassen,906,5,4,6,-1.65,785,6,5,7,137,3,2,3,453,9869,4.6,-0.19,15,12,17,14,1,1,-2.08,6270,68,66,70,1181,13,11,16
2021,California,Los Angeles,874618,10,10,10,1.25,806801,13,12,13,77158,3,3,4,227288,5121584,4.4,-0.25,33,33,33,24,12,2,2.79,1519516,46,45,46,765595,24,24,24
2021,California,Madera,13480,11,9,12,1.5,11910,14,12,16,1723,4,3,5,4294,61945,6.9,0.68,25,23,27,16,10,1,0.59,28772,64,62,66,6871,16,14,18
2021,California,Marin,9543,5,4,5,-1.66,8366,6,5,7,1332,2,2,3,3193,139979,2.3,-1.05,22,21,23,19,4,1,-0.12,67115,64,63,64,19441,19,18,20
2021,California,Mariposa,1034,8,7,10,0.25,927,10,8,11,120,4,3,5,350,7612,4.6,-0.19,19,15,23,17,1,2,-0.98,5230,68,65,72,1398,19,15,23
2021,California,Mendocino,6688,10,9,11,1.14,5960,12,10,14,803,4,3,5,1546,38934,4,-0.42,27,24,29,22,5,1,1.08,20611,60,58,62,6979,21,19,24
2021,California,Merced,21203,9,8,10,0.62,18960,12,11,14,2510,3,2,4,9360,116226,8.1,1.1,25,24,26,17,9,1,0.63,41795,52,51,53,12808,17,16,18
2021,California,Modoc,587,9,8,11,0.83,521,11,9,13,68,4,3,5,224,3171,7.1,0.73,17,12,22,15,3,0,-1.48,2708,75,72,78,410,12,8,16
2021,California,Mono,1203,10,9,12,1.26,1092,12,10,14,122,5,3,6,313,8508,3.7,-0.53,11,7,15,10,2,0,-3,3068,64,58,70,451,10,6,14
2021,California,Monterey,42694,12,11,13,2.19,38932,16,14,17,4262,4,3,5,13799,222516,6.2,0.41,29,28,30,18,13,1,1.81,64900,51,50,52,23577,19,18,20
2021,California,Napa,8809,8,7,9,0.06,7948,10,8,11,978,3,2,4,2104,74004,2.8,-0.84,22,21,23,16,6,2,-0.14,31276,64,63,66,7956,17,15,18
2021,California,Nevada,4905,7,6,8,-0.58,4409,8,7,9,559,3,2,4,1617,48639,3.3,-0.66,21,19,22,18,2,1,-0.52,30316,74,73,75,7529,19,17,21
2021,California,Orange,218246,8,8,9,0.12,197867,10,9,11,23102,3,3,4,45087,1623421,2.8,-0.87,27,26,27,20,9,1,1.14,595272,57,57,58,199131,20,19,20
2021,California,Placer,14472,5,4,5,-1.8,12639,6,5,6,2084,2,2,3,5839,187932,3.1,-0.74,18,17,19,16,2,1,-1.29,102650,72,71,73,20764,15,14,16
2021,California,Plumas,862,7,5,8,-0.75,769,8,6,9,105,3,2,4,607,7903,7.7,0.96,18,15,22,17,1,2,-1.09,6156,73,70,75,1140,14,11,17
2021,California,Riverside,188382,9,9,10,0.68,169108,12,11,12,21739,3,3,4,46151,1104035,4.2,-0.34,25,25,26,20,7,1,0.76,480944,66,66,67,140044,20,19,20
2021,California,Sacramento,80072,6,6,7,-0.95,72048,8,7,8,9207,2,2,3,26096,712394,3.7,-0.54,22,22,23,18,5,1,-0.11,306324,56,56,57,95062,18,17,18
2021,California,San Benito,4250,8,7,9,0.04,3769,10,8,12,547,3,2,4,1587,31432,5,-0.02,22,20,25,15,8,1,-0.08,11554,64,61,66,2803,16,14,18
2021,California,San Bernardino,173526,9,9,10,0.74,154414,12,11,13,21442,4,3,4,37010,967719,3.8,-0.48,26,26,27,19,9,1,1.01,380281,60,59,60,117038,19,18,19
2021,California,San Diego,255260,9,9,10,0.69,228064,11,10,12,30216,4,3,5,50643,1590591,3.2,-0.72,25,25,25,20,7,1,0.67,600104,53,53,54,224323,20,20,21
2021,California,San Francisco,35802,5,4,5,-1.64,33312,5,5,6,2834,2,2,3,12774,583186,2.2,-1.09,24,23,24,17,6,4,0.37,136239,38,37,38,56828,16,16,17
2021,California,San Joaquin,50025,8,7,8,-0.05,45305,10,9,11,5444,3,2,3,19223,327077,5.9,0.29,24,24,25,18,7,1,0.51,129419,57,56,58,40219,18,17,19
2021,California,San Luis Obispo,15680,7,6,8,-0.29,14223,9,8,10,1692,3,2,4,4017,140931,2.9,-0.84,22,21,23,19,3,1,-0.19,65248,62,61,63,19585,19,18,20
2021,California,San Mateo,32103,5,4,5,-1.59,28568,6,5,6,4137,2,2,3,9397,460044,2,-1.14,23,23,24,17,8,1,0.25,158543,60,60,61,44938,17,17,18
2021,California,Santa Barbara,41434,11,10,13,1.95,37816,14,13,16,4211,4,3,5,8039,217882,3.7,-0.53,29,28,30,20,10,1,1.7,75945,52,51,53,28762,20,19,21
2021,California,Santa Clara,85429,5,5,5,-1.5,76638,6,6,7,10200,2,2,3,26196,1053723,2.5,-0.98,23,23,23,16,8,1,0.11,361105,56,56,57,101205,16,16,17
2021,California,Santa Cruz,15912,7,6,8,-0.33,14179,9,7,10,1979,4,2,5,6747,142277,4.7,-0.13,27,26,28,22,7,1,1.26,57561,60,59,61,19602,21,20,22
2021,California,Shasta,9816,7,6,8,-0.49,8830,9,7,10,1096,3,2,4,3475,74353,4.7,-0.16,23,21,24,19,3,2,0.07,45548,64,63,65,12896,19,17,20
2021,California,Sierra,143,7,6,8,-0.45,125,8,7,10,18,4,2,5,71,1326,5.4,0.09,18,9,27,18,0,1,-1.17,994,75,67,83,254,20,10,30
2021,California,Siskiyou,2691,8,7,10,0.29,2357,10,9,12,366,4,3,5,1118,17227,6.5,0.52,20,18,22,17,3,2,-0.66,12509,65,64,66,2833,15,13,17
2021,California,Solano,21180,6,5,6,-1.14,19052,7,6,8,2457,2,2,3,7855,209527,3.7,-0.5,21,20,22,17,5,1,-0.35,92149,61,61,62,24148,16,16,17
2021,California,Sonoma,32293,8,7,9,0.15,29232,10,9,11,3492,3,3,4,6966,259394,2.7,-0.9,23,22,24,18,5,1,0.08,116393,61,61,62,32920,18,17,19
2021,California,Stanislaus,33609,7,6,8,-0.4,29586,9,8,10,4522,3,2,4,14701,243454,6,0.35,24,23,24,18,7,1,0.27,100576,58,57,59,29003,17,16,18
2021,California,Sutter,7327,9,8,10,0.63,6575,12,10,13,841,3,2,4,3345,45785,7.3,0.82,21,19,22,14,7,1,-0.52,18839,58,56,60,4419,14,13,15
2021,California,Tehama,4096,8,7,9,0.12,3618,10,8,12,522,3,2,4,1422,25650,5.5,0.17,21,19,24,17,5,1,-0.31,15813,65,63,68,4528,20,17,22
2021,California,Trinity,797,9,8,10,0.58,708,10,9,12,100,5,3,6,257,4693,5.5,0.14,23,18,28,19,2,3,0.05,4093,69,65,73,938,17,12,21
2021,California,Tulare,36079,9,8,10,0.59,31986,12,11,13,4593,3,2,4,19627,203980,9.6,1.69,27,26,28,19,10,1,1.17,78866,57,56,58,25824,19,18,21
2021,California,Tuolumne,2320,6,5,7,-0.89,2072,7,6,9,275,3,2,4,951,21317,4.5,-0.24,20,17,22,16,3,1,-0.73,16039,71,69,74,3644,17,14,19
2021,California,Ventura,66654,9,9,10,0.8,61204,12,11,13,6301,3,2,4,15221,423390,3.6,-0.56,23,23,24,18,7,1,0.21,171174,63,62,64,48102,18,17,19
2021,California,Yolo,12494,7,6,8,-0.58,11368,8,7,9,1323,3,2,4,4438,108658,4.1,-0.38,24,22,25,19,5,1,0.29,38315,52,50,53,13624,19,18,20
2021,California,Yuba,5187,8,7,9,-0.05,4632,10,9,12,607,3,2,4,1815,29997,6.1,0.35,22,20,24,15,7,2,-0.21,15948,61,59,63,3930,15,13,17
2021,Wyoming,Albany,3868,12,10,14,-0.54,3584,14,11,16,328,5,3,7,621,20216,3.1,-0.92,21,18,25,19,2,1,2.8,8138,51,49,53,2802,18,15,21
2021,Wyoming,Big Horn,1571,17,15,19,1.93,1262,20,17,23,331,11,7,14,223,5306,4.2,1.31,11,8,15,9,2,1,-0.03,3276,73,70,76,310,8,5,10
2021,Wyoming,Campbell,4812,12,10,13,-0.75,3976,14,12,16,902,7,5,9,853,23242,3.7,0.26,11,8,14,9,3,0,-0.14,12900,73,70,77,1733,10,8,13
2021,Wyoming,Carbon,1702,15,13,17,0.72,1433,17,15,20,289,8,6,11,262,7982,3.3,-0.5,11,8,14,8,3,0,-0.18,4317,70,67,72,610,11,7,14
2021,Wyoming,Converse,1299,11,10,13,-0.85,1073,13,11,16,245,7,5,9,238,8694,2.7,-1.58,10,6,13,6,4,0,-0.57,3964,74,69,78,265,5,2,8
2021,Wyoming,Crook,806,14,12,16,0.26,641,16,13,18,177,9,7,12,117,3710,3.2,-0.76,9,5,12,6,2,2,-0.84,2387,82,77,86,334,12,7,17
2021,Wyoming,Fremont,5558,18,16,20,2.24,4648,21,19,24,974,9,7,12,824,18635,4.4,1.74,13,11,14,8,4,2,0.3,10503,70,69,72,1212,9,7,10
2021,Wyoming,Goshen,1392,15,13,17,0.88,1170,17,15,20,238,9,6,12,238,6625,3.6,0.11,11,8,14,9,1,1,-0.28,3836,74,70,77,456,9,6,12
2021,Wyoming,Hot Springs,424,13,11,15,-0.21,368,15,13,18,60,6,4,8,77,2176,3.5,0,12,8,16,10,2,1,0.12,1593,75,71,79,172,9,4,13
2021,Wyoming,Johnson,807,13,11,14,-0.29,686,15,13,17,131,7,5,9,151,4183,3.6,0.14,14,9,19,11,1,4,0.61,2687,70,64,76,336,10,5,14
2021,Wyoming,Laramie,7958,10,9,11,-1.7,6857,12,10,13,1205,5,4,6,1678,48491,3.5,-0.15,11,10,13,10,1,1,-0.03,27692,70,69,71,4303,11,9,13
2021,Wyoming,Lincoln,1936,12,10,14,-0.52,1575,14,12,17,387,7,5,10,295,8876,3.3,-0.42,10,7,13,7,3,1,-0.52,5693,82,79,86,514,8,4,11
2021,Wyoming,Natrona,8679,13,12,15,0.03,7462,16,14,18,1298,7,5,8,1544,39348,3.9,0.76,11,9,13,9,2,1,-0.16,22363,68,66,70,3102,10,8,11
2021,Wyoming,Niobrara,271,17,14,19,1.86,229,19,16,22,45,10,7,14,34,1239,2.7,-1.56,17,9,25,17,1,1,1.63,747,77,71,84,134,16,7,25
2021,Wyoming,Park,2801,13,11,14,-0.2,2388,15,13,17,444,7,5,9,620,15459,4,0.93,8,6,11,7,1,1,-0.9,8897,73,71,75,1024,9,6,11
2021,Wyoming,Platte,776,12,11,14,-0.41,655,14,12,17,131,7,5,10,159,4660,3.4,-0.25,8,4,12,7,0,0,-1.09,3013,75,71,79,334,9,5,13
2021,Wyoming,Sheridan,2586,11,10,13,-1.02,2246,13,11,15,376,6,4,7,542,15653,3.5,-0.15,13,10,15,11,1,1,0.28,9117,69,66,71,1367,11,8,13
2021,Wyoming,Sublette,940,12,10,14,-0.63,771,14,11,16,181,8,5,11,182,4129,4.4,1.72,4,0,7,3,1,0,-2.26,2741,82,75,89,249,8,3,13
2021,Wyoming,Sweetwater,4273,11,10,13,-0.85,3622,14,12,16,709,6,4,8,828,21274,3.9,0.7,11,9,14,9,2,1,-0.11,11832,76,74,78,1272,8,6,11
2021,Wyoming,Teton,2617,13,11,15,0.1,2257,15,12,17,384,9,6,11,424,15575,2.7,-1.61,16,12,21,10,5,3,1.39,5448,60,57,63,924,11,7,14
2021,Wyoming,Uinta,2047,12,10,14,-0.66,1677,15,12,17,400,7,4,9,353,9035,3.9,0.73,11,8,14,8,3,0,-0.23,5854,77,74,80,446,6,3,9
2021,Wyoming,Washakie,900,15,13,17,0.84,778,18,15,20,133,7,5,10,155,3941,3.9,0.78,10,7,14,9,2,1,-0.36,2574,76,72,81,194,6,3,9
2021,Wyoming,Weston,666,13,11,15,-0.22,565,15,12,17,107,7,5,10,110,3811,2.9,-1.28,14,8,19,12,1,3,0.55,2400,83,80,86,278,10,5,15
2021,South Carolina,Abbeville,2559,14,12,16,0.38,2343,17,15,20,239,5,3,6,339,10050,3.4,0.04,14,11,17,13,1,0,-0.14,7248,75,72,78,1275,14,10,18
2021,South Carolina,Aiken,16927,13,11,14,-0.28,15283,16,14,17,1829,5,3,6,2176,75105,2.9,-0.54,13,12,14,11,1,1,-0.52,49051,73,71,74,7506,12,10,13
2021,South Carolina,Allendale,619,10,9,12,-1.36,575,13,11,16,51,3,2,4,143,2692,5.3,2.41,17,11,23,17,2,1,1.12,2295,68,63,74,395,13,7,19
2021,South Carolina,Anderson,20043,12,11,14,-0.39,18094,15,14,17,2172,5,3,6,2467,91576,2.7,-0.79,13,12,14,11,2,1,-0.46,55081,72,71,73,7407,10,9,11
2021,South Carolina,Bamberg,1356,13,11,15,-0.05,1244,16,14,18,129,5,3,6,277,4981,5.6,2.71,14,9,19,12,2,1,0.04,3768,71,68,73,577,12,7,17
2021,South Carolina,Barnwell,2009,12,10,14,-0.62,1816,15,13,17,215,4,3,6,352,8268,4.3,1.12,15,11,19,14,2,0,0.33,5815,70,66,73,1239,16,12,21
2021,South Carolina,Beaufort,18788,14,13,16,0.56,16125,17,15,18,2864,8,6,10,2061,77858,2.6,-0.85,17,15,18,15,2,1,1.11,52424,73,72,75,10301,15,14,16
2021,South Carolina,Berkeley,22422,12,11,13,-0.57,20065,15,13,17,2619,5,3,6,2651,104452,2.5,-0.98,14,12,15,12,2,1,-0.28,55295,72,71,73,8738,12,11,13
2021,South Carolina,Calhoun,1496,14,12,15,0.19,1364,16,14,19,150,5,4,7,237,6604,3.6,0.3,18,13,22,15,1,2,1.54,4963,80,77,83,753,13,9,17
2021,South Carolina,Charleston,36030,11,10,12,-1.12,32652,13,12,14,3771,5,3,6,4881,212354,2.3,-1.28,18,18,19,17,1,1,1.75,97986,62,61,62,25637,17,16,18
2021,South Carolina,Cherokee,5955,13,11,15,-0.15,5470,16,14,19,541,4,3,5,774,25196,3.1,-0.33,10,9,12,10,1,0,-1.64,14270,69,67,71,1886,10,8,12
2021,South Carolina,Chester,2999,12,10,13,-0.77,2732,15,12,17,297,4,3,5,555,13445,4.1,0.96,14,11,16,12,1,1,-0.18,9628,76,74,78,1435,12,9,15
2021,South Carolina,Chesterfield,5207,14,12,16,0.51,4765,18,15,20,492,5,3,6,644,22128,2.9,-0.53,15,13,18,11,4,1,0.36,12723,71,69,73,1670,10,8,12
2021,South Carolina,Clarendon,3532,15,13,17,0.75,3245,18,16,21,314,5,3,6,493,12731,3.9,0.65,14,12,17,11,2,1,0.01,10133,77,75,79,1459,12,10,14
2021,South Carolina,Colleton,4088,14,12,16,0.33,3738,17,15,20,389,5,3,6,538,16821,3.2,-0.18,12,9,14,10,2,1,-0.98,11298,75,72,78,1514,11,9,13
2021,South Carolina,Darlington,6566,12,11,14,-0.34,6025,16,14,18,607,4,3,5,1043,30561,3.4,0.09,14,13,16,13,2,1,0.1,18425,70,67,72,3127,13,11,15
2021,South Carolina,Dillon,3662,15,13,17,0.8,3372,19,17,22,316,4,3,5,533,13029,4.1,0.92,15,12,18,13,3,1,0.49,6547,59,56,63,1375,15,11,18
2021,South Carolina,Dorchester,14533,11,9,12,-1.25,12894,13,12,15,1842,5,3,6,1951,78453,2.5,-1.04,15,14,17,13,2,1,0.38,39667,72,70,73,7329,14,12,15
2021,South Carolina,Edgefield,2619,14,12,15,0.21,2378,16,14,19,268,5,4,7,301,10753,2.8,-0.66,13,10,16,12,3,0,-0.53,6797,74,71,77,1001,12,9,14
2021,South Carolina,Fairfield,2085,12,10,14,-0.49,1933,15,12,17,173,4,3,5,427,9619,4.4,1.34,14,10,18,14,1,0,-0.02,6917,75,72,78,1357,16,11,21
2021,South Carolina,Florence,13736,12,11,14,-0.43,12506,16,14,18,1388,4,3,5,1976,67211,2.9,-0.49,14,12,15,12,2,1,-0.27,34292,66,64,67,5973,12,11,14
2021,South Carolina,Georgetown,6081,14,12,15,0.28,5542,17,15,19,604,5,4,7,970,25790,3.8,0.51,15,13,17,14,1,1,0.39,20099,79,77,81,3546,14,12,17
2021,South Carolina,Greenville,58979,14,13,15,0.38,52874,17,16,19,6752,5,4,7,6225,255903,2.4,-1.11,13,12,13,11,2,1,-0.63,130228,67,67,68,20161,11,10,11
2021,South Carolina,Greenwood,7551,14,12,15,0.29,6882,17,15,20,750,5,3,6,980,31377,3.1,-0.27,16,14,18,14,2,1,0.77,17681,64,62,66,3504,13,11,15
2021,South Carolina,Hampton,1716,12,10,14,-0.58,1566,15,13,17,166,4,3,5,229,8416,2.7,-0.76,9,6,11,7,1,1,-2.33,5313,76,74,78,380,6,4,8
2021,South Carolina,Horry,44214,17,16,19,2.03,41075,21,19,23,3493,5,4,7,5339,148573,3.6,0.31,16,15,17,14,2,1,0.76,94163,72,71,73,17269,14,13,15
2021,South Carolina,Jasper,4486,21,18,23,3.69,4107,25,22,29,409,7,4,9,322,12685,2.5,-0.98,18,14,22,16,3,1,1.74,7366,72,68,75,1550,16,12,19
2021,South Carolina,Kershaw,6248,12,10,13,-0.72,5631,15,13,17,684,4,3,6,866,29291,3,-0.47,13,11,15,12,1,0,-0.65,20509,82,80,84,3343,14,12,16
2021,South Carolina,Lancaster,9042,12,11,14,-0.44,8051,15,13,17,1080,5,4,6,1384,41340,3.3,0.01,11,9,12,9,2,0,-1.48,27019,80,78,81,3394,10,9,12
2021,South Carolina,Laurens,7475,14,12,16,0.55,6851,18,15,20,688,5,3,6,903,30313,3,-0.44,14,12,16,11,2,1,-0.17,17848,70,68,72,3259,13,12,15
2021,South Carolina,Lee,1439,12,10,14,-0.71,1323,15,12,17,130,4,2,5,266,6618,4,0.83,17,14,20,15,2,2,1.16,4798,75,70,79,999,17,13,21
2021,South Carolina,Lexington,28533,12,10,13,-0.81,25844,14,13,16,3042,4,3,5,3510,150160,2.3,-1.23,12,11,13,10,2,1,-0.96,83972,74,74,75,11674,11,10,12
2021,South Carolina,McCormick,652,13,11,15,-0.22,601,15,12,17,54,5,3,7,104,3389,3.1,-0.33,10,7,13,10,0,0,-1.86,3030,77,76,77,363,10,6,13
2021,South Carolina,Marion,3341,14,12,16,0.27,3066,17,15,20,301,4,3,6,564,13045,4.3,1.2,17,14,21,16,1,1,1.2,7659,66,63,69,1605,16,12,19
2021,South Carolina,Marlboro,2446,13,11,15,-0.08,2263,16,14,19,206,4,3,5,444,9183,4.8,1.83,14,11,17,11,2,1,-0.22,6042,63,59,67,1206,14,11,17
2021,South Carolina,Newberry,4283,14,13,16,0.65,3843,18,15,20,485,6,4,7,514,19223,2.7,-0.82,12,9,14,9,2,1,-1.13,10849,73,70,76,1683,12,9,15
2021,South Carolina,Oconee,9180,15,14,17,1.14,8413,19,17,21,851,5,4,7,971,35039,2.8,-0.7,14,12,16,11,2,2,-0.02,23253,73,71,75,3172,10,9,12
2021,South Carolina,Orangeburg,8424,13,11,14,-0.22,7725,16,14,18,779,4,3,5,1655,34842,4.8,1.72,16,14,17,14,2,1,0.63,22257,67,65,70,4036,14,12,15
2021,South Carolina,Pickens,13120,13,12,15,0.16,11973,16,14,18,1276,5,4,7,1604,57667,2.8,-0.68,16,15,18,13,2,2,0.76,32153,67,66,69,6249,14,12,15
2021,South Carolina,Richland,36013,11,10,12,-1.14,32707,13,12,15,3728,4,3,5,5579,198948,2.8,-0.66,17,17,18,16,1,1,1.35,90427,60,58,61,24575,17,16,18
2021,South Carolina,Saluda,3099,19,17,21,2.96,2792,23,20,26,331,7,5,10,238,8928,2.7,-0.83,11,8,13,8,2,1,-1.54,5257,74,70,78,585,9,6,12
2021,South Carolina,Spartanburg,32433,13,11,14,-0.23,28778,16,14,17,4030,5,4,7,3920,153496,2.6,-0.96,14,13,15,11,3,1,-0.23,82396,71,70,72,12306,11,10,12
2021,South Carolina,Sumter,10818,13,11,14,-0.28,9840,16,14,18,1084,4,3,6,1473,43727,3.4,0.03,16,14,18,13,2,1,0.61,26982,65,62,67,5012,13,11,14
2021,South Carolina,Union,2527,12,10,13,-0.67,2316,15,12,17,232,4,3,5,406,11681,3.5,0.16,12,9,14,10,1,1,-1.13,7803,68,66,71,1084,10,8,13
2021,South Carolina,Williamsburg,2793,12,10,14,-0.54,2570,15,13,17,250,4,3,5,551,12093,4.6,1.49,18,15,21,16,3,1,1.68,9255,73,71,75,1943,17,14,20
2021,South Carolina,York,22877,10,9,11,-1.66,20667,12,11,14,2504,4,3,5,3871,140458,2.8,-0.72,12,11,13,10,1,1,-0.89,72857,72,71,73,9790,10,9,11
2020,California,Alameda,82298,6,5,6,-1.19,73630,7,6,7,9850,3,2,3,25446,848215,3,-0.84,24,23,24,18,7,1,0.22,305134,53,53,54,97550,17,17,18
2020,California,Alpine,65,8,6,9,-0.16,56,8,7,10,9,4,3,6,25,547,4.6,-0.25,23,13,33,21,3,0,0.1,251,84,80,88,55,19,3,35
2020,California,Amador,1532,6,5,7,-0.95,1354,7,6,8,198,3,2,4,589,14706,4,-0.46,19,16,22,17,2,1,-0.88,10798,77,75,79,2335,17,14,20
2020,California,Butte,13164,7,6,8,-0.39,12069,9,8,10,1252,3,2,3,5093,102712,5,-0.1,23,21,24,20,3,1,-0.03,51358,59,58,60,16915,20,19,21
2020,California,Calaveras,2427,7,6,8,-0.3,2156,8,7,10,300,4,3,5,845,21351,4,-0.48,20,17,23,18,2,1,-0.64,13526,78,75,80,3235,19,16,22
2020,California,Colusa,1970,11,9,12,1.67,1735,14,12,16,258,4,3,6,1418,10969,12.9,2.9,18,15,22,10,8,1,-1.11,4371,61,58,65,864,13,10,16
2020,California,Contra Costa,57232,6,5,6,-1.12,49240,7,6,8,8901,3,2,4,17792,564570,3.2,-0.79,21,20,22,17,5,1,-0.44,257528,66,65,66,64906,17,16,17
2020,California,Del Norte,1247,6,5,7,-0.93,1093,8,6,9,169,3,2,4,549,9961,5.5,0.1,22,19,26,18,4,1,-0.15,6115,62,59,66,1538,17,14,20
2020,California,El Dorado,8134,5,5,6,-1.41,7086,6,5,7,1184,3,2,4,3270,91589,3.6,-0.63,19,18,20,17,2,1,-1,52990,77,76,77,10890,16,15,17
2020,California,Fresno,73987,9,8,9,0.51,66670,12,11,13,8161,3,2,4,33427,448353,7.5,0.84,28,27,28,20,9,1,1.23,160944,53,52,53,59224,20,19,21
2020,California,Glenn,2551,11,9,13,1.81,2239,14,12,16,341,4,3,6,835,12779,6.5,0.49,23,19,27,18,6,2,0.05,5981,60,56,63,1738,18,14,22
2020,California,Humboldt,9743,9,8,10,0.6,8832,11,9,12,1013,4,3,5,2245,63027,3.6,-0.63,25,23,26,21,4,2,0.49,30853,57,56,58,11121,21,20,23
2020,California,Imperial,11751,8,7,9,0.04,10366,11,9,12,1534,3,2,4,12855,71055,18.1,4.84,27,26,29,19,10,1,1.16,25717,58,57,60,8008,19,17,21
2020,California,Inyo,1229,9,8,10,0.65,1075,11,9,12,172,4,3,6,337,8725,3.9,-0.52,17,13,20,13,2,2,-1.59,5110,63,60,66,1194,16,12,19
2020,California,Kern,65273,9,8,9,0.44,58030,11,10,12,8010,3,2,4,30865,386997,8,1.03,25,24,25,17,9,1,0.49,155395,58,57,59,45680,18,17,18
2020,California,Kings,10715,9,8,10,0.67,9555,12,10,14,1287,3,2,4,4481,57865,7.7,0.94,24,22,26,16,9,1,0.4,22114,52,50,54,6493,16,14,17
2020,California,Lake,4522,9,8,11,0.81,4100,11,10,13,460,3,2,4,1522,29116,5.2,0,24,21,26,22,3,1,0.22,17157,66,65,68,4663,19,17,21
2020,California,Lassen,910,5,4,5,-1.77,793,6,5,7,132,2,2,3,474,9899,4.8,-0.17,16,13,18,14,2,1,-1.8,6445,68,66,70,1240,13,11,16
2020,California,Los Angeles,872284,10,10,10,1.28,801565,12,12,13,79944,3,3,4,239829,5136341,4.7,-0.21,33,33,34,24,12,2,2.7,1514629,46,45,46,777271,24,24,24
2020,California,Madera,13143,10,9,12,1.47,11948,14,12,16,1345,3,2,4,4316,61528,7,0.67,25,23,27,17,9,1,0.52,28627,64,62,66,7092,17,15,18
2020,California,Marin,10856,5,5,6,-1.4,9314,6,5,7,1698,3,2,4,3363,141111,2.4,-1.07,22,21,23,19,4,2,-0.1,67200,64,63,65,19995,19,18,21
2020,California,Mariposa,1013,8,7,9,0.09,897,9,7,11,128,4,3,6,406,7663,5.3,0.02,20,16,24,17,2,2,-0.72,5310,69,67,71,1368,19,15,23
2020,California,Mendocino,7306,11,9,12,1.67,6513,13,11,15,868,4,3,6,1564,39715,3.9,-0.49,28,26,30,23,5,2,1.27,20173,59,57,61,7360,23,21,25
2020,California,Merced,20452,9,8,10,0.52,18449,12,10,13,2267,3,2,4,9574,115408,8.3,1.15,25,23,26,18,9,1,0.53,41378,52,51,53,13373,18,16,19
2020,California,Modoc,667,11,9,12,1.55,563,12,10,14,108,6,4,9,240,3179,7.5,0.87,16,11,22,15,2,1,-1.62,2803,77,73,81,432,12,8,17
2020,California,Mono,1189,10,8,12,1.23,1069,11,9,14,132,5,3,7,328,8524,3.8,-0.52,14,9,18,11,2,1,-2.35,3014,62,59,66,474,10,6,15
2020,California,Monterey,41482,11,10,13,2.09,38170,15,14,17,3764,3,2,4,14047,224057,6.3,0.39,30,29,31,19,13,1,1.77,64362,51,50,52,23252,19,18,20
2020,California,Napa,9599,9,7,10,0.4,8478,10,9,12,1263,4,3,5,2181,74547,2.9,-0.87,22,20,24,16,6,2,-0.19,31256,64,62,65,8161,17,16,18
2020,California,Nevada,5154,7,6,8,-0.46,4656,8,7,10,569,3,2,4,1694,48870,3.5,-0.67,21,19,22,18,2,1,-0.59,30406,74,73,76,7584,19,17,21
2020,California,Orange,226030,8,8,9,0.29,204468,10,10,11,24143,3,3,4,47541,1625426,2.9,-0.87,27,27,27,20,9,1,1.08,592269,57,57,58,203236,20,20,21
2020,California,Placer,13373,4,4,5,-2.06,11650,5,4,6,1990,2,2,3,5837,185213,3.2,-0.79,18,17,19,16,2,1,-1.2,100700,72,71,72,21562,16,15,17
2020,California,Plumas,920,7,6,8,-0.54,813,8,7,9,118,4,2,5,588,7848,7.5,0.85,18,15,22,16,2,1,-1.16,5868,73,70,76,1228,16,12,19
2020,California,Riverside,183037,9,8,10,0.63,162965,11,11,12,22150,3,3,4,47808,1092371,4.4,-0.32,26,25,26,20,7,1,0.76,472401,66,65,66,141309,20,20,21
2020,California,Sacramento,83649,6,6,7,-0.82,74424,8,7,9,10197,3,2,3,26948,710442,3.8,-0.54,23,22,23,19,5,1,-0.07,300082,56,55,57,96048,18,18,19
2020,California,San Benito,4260,8,7,9,0.15,3745,10,9,12,582,4,3,5,1561,30869,5.1,-0.07,24,21,27,16,8,1,0.3,11264,63,61,66,2740,16,14,18
2020,California,San Bernardino,155864,8,8,9,0.28,142355,11,10,12,15230,3,2,3,38779,961030,4,-0.45,27,26,28,20,9,1,1.08,373740,59,59,60,121145,20,19,20
2020,California,San Diego,235409,8,8,9,0.32,211357,10,10,11,26983,4,3,4,52663,1592193,3.3,-0.73,25,25,26,20,6,1,0.6,593890,53,53,54,223707,21,20,21
2020,California,San Francisco,37103,5,5,5,-1.64,34562,6,5,6,2927,2,2,3,13545,575567,2.4,-1.09,25,24,25,18,6,4,0.52,135275,38,37,38,59288,17,16,18
2020,California,San Joaquin,48411,8,7,8,-0.15,42627,10,9,11,6427,3,2,4,19571,326387,6,0.29,25,24,26,19,7,1,0.57,126097,56,55,57,40660,18,18,19
2020,California,San Luis Obispo,15624,7,6,8,-0.34,14163,9,7,10,1721,3,2,4,4151,140920,2.9,-0.86,22,21,24,19,4,1,-0.11,63986,61,60,62,19498,19,18,20
2020,California,San Mateo,35270,5,5,6,-1.4,31416,6,6,7,4445,3,2,3,10007,454875,2.2,-1.14,24,23,24,18,8,1,0.25,156864,60,59,61,45427,18,17,18
2020,California,Santa Barbara,38236,11,9,12,1.54,34736,13,12,14,3988,4,3,5,8437,216698,3.9,-0.51,29,28,30,21,10,1,1.66,75640,52,51,53,29579,21,20,22
2020,California,Santa Clara,85574,5,5,5,-1.58,75690,6,6,7,11402,2,2,3,27282,1048804,2.6,-0.99,23,23,24,16,8,1,0.07,360658,57,56,57,101770,16,16,17
2020,California,Santa Cruz,16345,7,7,8,-0.28,14495,9,8,10,2101,4,3,5,6984,142618,4.9,-0.13,27,26,28,21,7,1,1.03,56873,59,58,60,20012,21,20,23
2020,California,Shasta,10045,7,6,8,-0.43,8875,9,7,10,1289,3,2,4,3669,74215,4.9,-0.11,22,21,23,19,3,2,-0.24,44721,63,62,65,13266,19,18,21
2020,California,Sierra,163,8,7,9,0,143,9,7,11,20,4,3,5,77,1278,6,0.3,11,5,17,10,0,1,-3,1010,81,74,88,210,17,7,28
2020,California,Siskiyou,2801,9,7,10,0.46,2481,10,9,12,354,4,3,5,1166,17410,6.7,0.55,21,19,23,18,3,2,-0.43,12633,66,64,68,2976,16,14,18
2020,California,Solano,20814,6,5,6,-1.26,18685,7,6,8,2439,2,2,3,8168,209721,3.9,-0.51,21,20,22,18,5,1,-0.38,90420,61,60,62,24796,17,16,18
2020,California,Sonoma,30617,8,7,8,-0.15,27530,9,8,10,3532,3,3,4,7187,262348,2.7,-0.94,23,23,24,19,5,1,0.16,115093,61,60,62,34502,19,18,19
2020,California,Stanislaus,32797,7,6,8,-0.51,29932,9,8,10,3336,2,2,3,15598,243538,6.4,0.44,24,23,25,18,7,1,0.35,99079,57,56,58,29989,18,17,19
2020,California,Sutter,6984,9,7,10,0.43,6141,11,9,12,932,4,3,5,3392,45477,7.5,0.84,21,20,23,15,7,1,-0.38,18560,57,55,59,4436,14,13,16
2020,California,Tehama,3968,8,7,9,-0.01,3557,10,8,12,455,3,2,4,1450,25626,5.7,0.16,20,18,23,16,5,1,-0.65,15575,65,63,67,4459,19,17,22
2020,California,Trinity,798,9,7,10,0.5,700,10,8,12,111,5,3,7,268,4707,5.7,0.17,24,19,29,18,4,3,0.22,3868,67,63,71,898,16,12,21
2020,California,Tulare,35272,9,8,10,0.53,31804,12,11,13,3916,3,2,3,19649,204589,9.6,1.65,27,26,28,19,10,1,1.05,77314,57,56,58,25546,19,18,21
2020,California,Tuolumne,2378,6,5,7,-0.86,2122,7,6,9,286,3,2,4,982,21339,4.6,-0.24,21,18,24,17,3,1,-0.46,15656,70,68,72,3630,17,14,19
2020,California,Ventura,66579,9,9,10,0.82,60408,12,11,13,7044,3,3,4,16066,425728,3.8,-0.55,24,23,24,18,7,1,0.24,171554,63,63,64,48989,18,18,19
2020,California,Yolo,10982,6,5,7,-1.08,9944,7,6,8,1229,3,2,3,4562,108518,4.2,-0.39,23,22,25,20,5,1,0.16,38013,52,51,53,14343,20,19,21
2020,California,Yuba,4880,7,6,9,-0.25,4403,10,8,11,528,2,2,3,1863,29078,6.4,0.44,23,21,25,16,8,2,0.07,15387,59,56,61,4113,16,14,18
2020,Wyoming,Albany,4024,13,11,15,-1.05,3615,14,12,16,462,7,5,10,668,20307,3.3,-1.09,22,20,25,20,2,1,3.13,7971,50,49,51,3019,19,16,22
2020,Wyoming,Big Horn,1851,20,17,22,2.11,1440,22,20,25,443,14,10,18,246,5257,4.7,1.35,12,9,15,9,2,1,0.23,3269,73,70,75,366,9,6,12
2020,Wyoming,Campbell,5357,13,11,14,-0.92,4433,15,13,17,1014,8,6,10,938,22821,4.1,0.35,11,9,13,8,2,1,-0.15,12626,72,69,75,1899,11,8,14
2020,Wyoming,Carbon,1963,16,14,18,0.57,1630,19,16,22,363,10,7,13,295,7786,3.8,-0.21,11,8,14,8,3,0,-0.11,4331,68,66,71,534,9,6,12
2020,Wyoming,Converse,1472,13,11,14,-0.96,1196,15,13,17,303,8,6,11,278,7554,3.7,-0.41,8,5,11,5,3,0,-1.1,3908,72,68,76,261,5,2,8
2020,Wyoming,Crook,875,15,13,17,-0.1,657,16,14,18,230,12,8,16,119,3696,3.2,-1.22,10,6,14,6,2,3,-0.52,2448,84,81,87,255,9,5,14
2020,Wyoming,Fremont,6445,20,18,22,2.24,5031,23,20,25,1513,15,11,18,985,18865,5.2,2.31,12,10,14,8,4,1,0.16,10488,70,68,72,1155,8,7,10
2020,Wyoming,Goshen,1555,17,14,19,0.69,1299,19,16,22,276,10,7,13,226,6830,3.3,-1.06,11,8,14,10,1,1,-0.26,3849,74,71,77,480,10,6,13
2020,Wyoming,Hot Springs,469,14,12,16,-0.61,401,16,13,19,73,7,5,10,82,2208,3.7,-0.35,13,9,17,9,3,2,0.44,1681,76,73,79,180,8,4,13
2020,Wyoming,Johnson,969,15,13,17,0.02,795,17,15,20,187,10,7,13,168,4211,4,0.14,11,7,15,10,0,3,-0.11,2718,71,67,75,582,16,9,23
2020,Wyoming,Laramie,9326,11,10,13,-1.53,7989,14,12,15,1468,6,5,8,1847,47682,3.9,-0.07,11,10,12,10,1,1,-0.15,27332,70,68,72,4365,11,10,13
2020,Wyoming,Lincoln,2205,14,12,16,-0.52,1699,16,13,18,544,10,7,13,332,8711,3.8,-0.18,9,7,11,6,3,0,-0.75,5571,79,77,81,493,7,5,10
2020,Wyoming,Natrona,9473,14,13,16,-0.32,8065,17,15,19,1517,8,6,10,1813,39059,4.6,1.29,11,10,13,9,2,1,-0.14,22023,67,66,68,2917,9,8,10
2020,Wyoming,Niobrara,316,19,16,22,1.86,264,21,18,25,57,13,9,17,36,1275,2.8,-1.91,15,8,23,15,0,0,1.09,743,76,74,78,146,17,5,28
2020,Wyoming,Park,3131,14,12,16,-0.42,2577,16,13,18,599,9,7,12,681,15567,4.4,0.82,9,6,11,7,1,0,-0.82,8591,72,69,75,950,8,6,11
2020,Wyoming,Platte,944,15,13,17,-0.03,789,17,14,19,167,9,6,12,178,4680,3.8,-0.19,9,5,13,8,0,0,-0.74,2904,74,68,80,358,10,5,14
2020,Wyoming,Sheridan,3152,13,12,15,-0.68,2713,16,14,18,481,7,5,9,631,15593,4,0.24,13,10,16,11,1,1,0.37,8935,68,65,71,1453,11,9,14
2020,Wyoming,Sublette,1169,15,13,17,-0.15,926,16,14,19,261,11,8,14,179,4264,4.2,0.5,5,1,9,4,1,0,-1.93,2654,81,77,85,174,6,1,10
2020,Wyoming,Sweetwater,5498,14,13,16,-0.21,4502,17,15,19,1077,9,6,11,896,21150,4.2,0.57,10,8,12,7,3,1,-0.49,11962,75,73,77,1297,8,6,11
2020,Wyoming,Teton,3196,16,14,18,0.47,2717,18,15,20,507,11,8,14,464,15340,3,-1.56,17,13,21,11,4,3,1.56,5287,58,55,60,962,11,7,14
2020,Wyoming,Uinta,2408,14,12,15,-0.56,1948,17,14,19,501,8,6,11,390,8931,4.4,0.8,11,8,15,8,3,0,-0.03,5822,75,72,78,579,8,5,11
2020,Wyoming,Washakie,1052,17,14,19,0.77,861,19,16,22,205,11,7,14,172,4058,4.2,0.58,10,7,13,8,2,1,-0.44,2629,77,73,80,221,7,3,10
2020,Wyoming,Weston,710,13,11,15,-0.69,587,15,13,18,133,9,6,12,131,3731,3.5,-0.7,14,9,20,12,1,4,0.76,2379,78,74,81,323,11,6,16
2020,South Carolina,Abbeville,2408,13,11,15,-0.26,2176,16,14,18,255,5,3,6,400,10058,4,0,14,11,17,14,0,0,-0.02,7210,76,74,79,1386,16,12,19
2020,South Carolina,Aiken,18031,13,12,15,0.01,16262,17,15,18,1942,5,4,7,2474,73944,3.3,-0.67,13,12,14,11,2,1,-0.63,47802,72,70,73,7656,12,11,13
2020,South Carolina,Allendale,718,12,10,14,-0.83,667,15,12,18,57,3,2,5,159,2740,5.8,1.93,18,13,23,16,2,2,1.5,2255,67,64,71,418,14,8,20
2020,South Carolina,Anderson,21486,13,12,15,-0.03,18958,16,15,18,2755,6,4,7,2917,89580,3.3,-0.76,13,12,14,11,2,1,-0.64,53781,70,69,72,8209,11,10,12
2020,South Carolina,Bamberg,1396,13,11,15,-0.12,1277,16,14,19,135,5,3,6,325,4990,6.5,2.67,16,11,21,13,3,2,0.8,3884,72,69,74,628,13,7,18
2020,South Carolina,Barnwell,2175,13,11,14,-0.4,1966,16,14,18,232,4,3,6,399,8343,4.8,0.85,15,11,19,13,3,0,0.25,5805,70,67,72,1061,14,10,18
2020,South Carolina,Beaufort,20295,15,14,17,1.03,17325,18,16,20,3169,9,6,11,2435,75517,3.2,-0.8,17,16,18,15,2,1,1.15,50558,72,71,72,10938,16,15,17
2020,South Carolina,Berkeley,21727,12,11,13,-0.86,19226,14,13,16,2757,5,4,7,3069,101127,3,-1,14,13,15,13,2,1,-0.04,53760,72,71,73,8435,12,11,13
2020,South Carolina,Calhoun,1429,13,11,14,-0.43,1277,15,13,17,165,6,4,7,283,6665,4.2,0.28,17,12,21,14,2,1,0.94,4958,81,79,83,888,16,11,20
2020,South Carolina,Charleston,44469,14,12,15,0.07,39802,16,14,18,5038,6,4,8,5719,206317,2.8,-1.27,19,18,20,18,1,1,2.06,95678,61,60,62,25970,17,16,18
2020,South Carolina,Cherokee,6421,14,12,16,0.21,5880,18,15,20,594,4,3,6,917,25268,3.6,-0.37,12,10,14,10,2,1,-1.05,14080,69,68,71,1974,11,9,13
2020,South Carolina,Chester,3157,12,10,14,-0.66,2879,15,13,18,305,4,3,5,641,13302,4.8,0.89,14,12,17,13,1,1,-0.11,9376,75,73,78,1410,12,10,15
2020,South Carolina,Chesterfield,5507,15,13,17,0.74,5061,19,16,21,488,5,3,6,715,21952,3.3,-0.76,15,13,18,12,4,0,0.43,12763,71,69,73,1867,11,9,14
2020,South Carolina,Clarendon,3549,14,13,16,0.57,3256,18,15,20,321,5,3,6,589,12548,4.7,0.76,15,12,17,12,2,1,0.08,10175,76,74,78,1433,12,9,14
2020,South Carolina,Colleton,4053,14,12,15,0.1,3646,17,14,19,442,5,3,7,671,16750,4,0.03,13,11,16,11,2,1,-0.47,11470,76,73,79,1481,10,8,13
2020,South Carolina,Darlington,6540,12,11,14,-0.6,5911,15,13,17,695,5,3,6,1227,30086,4.1,0.11,14,13,16,13,2,1,0.03,18534,70,68,71,3379,14,12,16
2020,South Carolina,Dillon,3959,16,14,18,1.28,3593,20,18,23,398,5,3,7,606,12702,4.8,0.84,15,12,18,12,3,1,0.41,7106,65,61,68,1507,16,12,19
2020,South Carolina,Dorchester,15180,11,10,13,-1.11,13324,14,12,16,2042,5,4,7,2269,75077,3,-1.01,14,13,16,13,1,1,-0.01,38933,71,70,72,7415,14,12,16
2020,South Carolina,Edgefield,2559,13,11,15,-0.08,2297,16,14,18,287,6,4,7,366,10538,3.5,-0.53,12,10,15,11,3,0,-0.86,6615,73,70,76,980,12,9,14
2020,South Carolina,Fairfield,2056,12,10,13,-0.91,1874,14,12,16,198,4,3,6,602,9786,6.2,2.29,15,11,19,16,1,0,0.43,6617,74,71,76,1354,17,12,21
2020,South Carolina,Florence,12940,11,10,13,-1.02,11691,15,13,16,1387,4,3,5,2412,65996,3.7,-0.34,14,12,15,12,2,1,-0.29,34065,65,64,67,6373,13,12,14
2020,South Carolina,Georgetown,5882,13,12,15,-0.09,5270,16,14,18,674,6,4,7,1158,25520,4.5,0.59,15,13,17,13,1,1,0.15,19359,77,73,81,3655,15,13,17
2020,South Carolina,Greenville,55073,13,12,14,-0.15,48740,16,15,17,6943,6,4,7,7294,248725,2.9,-1.1,13,12,14,11,2,1,-0.52,125913,67,66,67,20164,11,10,12
2020,South Carolina,Greenwood,7968,14,13,16,0.55,7194,18,16,20,864,5,4,7,1129,30954,3.6,-0.35,16,14,18,13,2,2,0.53,17465,64,62,66,3500,13,11,15
2020,South Carolina,Hampton,1789,12,11,14,-0.59,1626,15,13,18,179,4,3,6,289,8234,3.5,-0.49,10,7,12,8,1,1,-2.03,5113,74,70,78,402,6,4,9
2020,South Carolina,Horry,43983,17,16,19,2.14,40255,21,19,23,4079,6,5,8,6108,145798,4.2,0.22,17,16,18,15,2,1,0.97,91039,71,70,71,18067,15,14,15
2020,South Carolina,Jasper,4399,20,18,23,3.71,4022,25,22,29,408,7,5,9,369,12214,3,-1.01,18,14,23,16,3,0,1.7,6836,68,65,72,1616,17,13,21
2020,South Carolina,Kershaw,6203,12,10,13,-0.91,5575,15,13,17,692,4,3,6,1026,28930,3.5,-0.46,12,10,14,11,1,0,-0.83,20404,82,80,84,3210,14,11,16
2020,South Carolina,Lancaster,9515,13,12,15,-0.07,8583,17,14,19,1018,5,3,6,1500,39543,3.8,-0.19,11,10,13,10,1,0,-1.3,25516,78,76,80,3132,10,8,12
2020,South Carolina,Laurens,7454,14,12,16,0.39,6816,18,15,20,705,5,3,6,1071,29857,3.6,-0.41,13,11,15,11,2,1,-0.56,17864,70,68,73,3092,13,11,15
2020,South Carolina,Lee,1480,12,10,14,-0.84,1356,15,12,17,138,4,2,5,302,6586,4.6,0.64,16,13,19,15,2,2,0.87,4656,73,70,76,973,17,12,21
2020,South Carolina,Lexington,29531,12,11,13,-0.71,26389,15,13,16,3480,5,4,6,4225,147320,2.9,-1.17,12,12,13,10,2,1,-0.85,82289,74,73,75,11569,11,10,12
2020,South Carolina,McCormick,632,12,10,14,-0.74,571,14,11,16,67,6,4,8,121,3406,3.6,-0.45,9,6,12,9,1,0,-2.32,3040,77,77,77,361,10,6,14
2020,South Carolina,Marion,3374,14,12,16,0.11,3109,17,15,20,286,4,2,5,713,12945,5.5,1.61,16,13,19,15,1,1,0.84,8146,71,68,73,1661,16,12,20
2020,South Carolina,Marlboro,2786,15,13,16,0.58,2582,18,16,21,228,4,3,5,468,9157,5.1,1.2,13,11,16,10,3,1,-0.51,6303,66,63,68,1134,13,10,16
2020,South Carolina,Newberry,4421,15,13,17,0.72,3919,18,16,20,549,6,4,8,585,18656,3.1,-0.89,12,9,14,9,2,1,-1.2,10908,73,71,75,1433,10,8,12
2020,South Carolina,Oconee,8925,15,13,17,0.9,8096,18,16,21,905,6,4,7,1159,34900,3.3,-0.69,15,13,17,12,2,1,0.27,22981,72,70,74,3420,11,10,13
2020,South Carolina,Orangeburg,9353,14,12,16,0.27,8618,18,15,20,804,4,3,5,1987,34534,5.8,1.87,16,14,17,15,2,1,0.6,22427,68,66,70,4243,14,13,16
2020,South Carolina,Pickens,12641,13,12,15,-0.19,11521,16,14,18,1257,5,4,7,1894,56262,3.4,-0.65,16,15,17,13,2,1,0.65,32019,68,66,69,6351,14,12,15
2020,South Carolina,Richland,36308,11,10,12,-1.28,33088,14,12,15,3646,4,3,5,6772,196988,3.4,-0.57,17,16,18,15,2,1,1.08,88450,59,58,60,24023,16,15,17
2020,South Carolina,Saluda,3046,19,16,21,2.76,2763,23,20,26,312,7,5,9,273,8808,3.1,-0.93,10,7,13,9,1,1,-1.74,5313,74,71,76,522,8,5,11
2020,South Carolina,Spartanburg,32367,13,12,14,-0.25,28905,16,14,18,3796,5,4,7,4604,147900,3.1,-0.91,14,13,15,11,2,1,-0.27,79791,70,69,71,12650,11,11,12
2020,South Carolina,Sumter,11061,13,11,14,-0.34,9986,16,14,18,1179,4,3,6,1776,44120,4,0.05,15,14,17,13,3,1,0.39,26608,65,63,66,5358,14,12,15
2020,South Carolina,Union,2622,12,10,14,-0.67,2420,15,13,17,224,4,3,5,480,11582,4.1,0.18,11,9,13,10,1,1,-1.29,8004,69,67,72,1173,11,8,13
2020,South Carolina,Williamsburg,2820,12,10,14,-0.75,2600,15,13,17,244,4,2,5,668,12294,5.4,1.54,19,16,22,17,2,1,2.06,9261,75,72,77,1804,16,13,19
2020,South Carolina,York,25038,11,10,12,-1.25,22513,14,12,15,2845,4,3,5,4389,134695,3.3,-0.76,13,12,14,11,1,1,-0.67,70219,72,71,73,9866,10,9,11
2019,California,Alameda,74359,5,5,6,-1.43,67264,6,6,7,8186,2,2,3,30902,848335,3.6,-0.85,24,24,24,18,6,1,0.14,301667,53,52,54,99044,18,17,18
2019,California,Alpine,59,7,6,8,-0.35,49,8,6,9,11,5,4,6,33,538,6.1,0.04,26,15,38,25,3,0,0.79,253,83,75,92,75,25,9,42
2019,California,Amador,1479,6,5,7,-1,1297,7,6,8,204,3,2,4,724,14783,4.9,-0.4,19,16,22,17,1,1,-1.21,10921,77,75,79,2413,17,15,20
2019,California,Butte,12937,7,6,8,-0.36,11775,9,7,10,1325,3,2,4,5916,102982,5.7,-0.1,23,22,25,20,3,2,-0.06,50844,59,58,60,16890,20,19,22
2019,California,Calaveras,2068,6,5,7,-0.84,1810,7,6,8,292,4,2,5,1001,21184,4.7,-0.46,21,17,24,19,2,1,-0.79,13931,78,76,81,3516,20,17,24
2019,California,Colusa,1969,11,9,12,1.75,1728,14,12,16,263,4,3,6,1543,10759,14.3,2.98,19,16,22,12,8,1,-1.19,4521,64,60,68,878,13,10,16
2019,California,Contra Costa,57151,6,5,7,-1.03,51442,7,7,8,6546,2,2,3,21418,563863,3.8,-0.79,22,21,22,18,5,1,-0.47,255201,66,65,66,65079,17,16,18
2019,California,Del Norte,1546,8,7,9,-0.01,1348,9,8,11,216,4,2,5,629,9780,6.4,0.15,23,20,27,20,4,2,-0.05,5996,62,59,65,1647,18,15,21
2019,California,El Dorado,8005,5,5,6,-1.37,6968,6,5,7,1176,3,2,4,3920,89886,4.4,-0.59,20,19,21,18,2,1,-0.96,51948,76,75,77,11240,17,16,18
2019,California,Fresno,79068,9,9,10,0.97,71381,13,11,14,8591,3,2,4,38070,449595,8.5,0.88,28,27,29,20,10,1,1.18,160001,53,52,54,59876,20,20,21
2019,California,Glenn,2301,10,8,11,1.25,2028,13,11,15,305,4,3,5,963,12915,7.5,0.52,22,18,26,18,4,1,-0.27,5724,58,53,62,1659,18,14,21
2019,California,Humboldt,9218,8,7,10,0.35,8309,10,8,11,1024,4,3,5,2639,63019,4.2,-0.66,26,24,28,22,4,2,0.64,30500,57,55,58,11085,21,20,23
2019,California,Imperial,12317,8,7,9,0.35,10906,11,10,13,1568,3,2,4,14105,73980,19.1,4.67,28,26,30,20,10,1,1.24,25507,56,55,58,8034,18,17,20
2019,California,Inyo,1180,9,7,10,0.49,1020,10,8,12,178,5,3,6,381,8682,4.4,-0.58,19,15,22,14,2,3,-1.28,5109,64,61,66,1117,15,11,18
2019,California,Kern,61640,8,7,9,0.25,55359,11,10,12,7107,3,2,3,35442,384944,9.2,1.14,25,24,26,18,9,1,0.45,151564,57,57,58,45349,18,17,18
2019,California,Kings,9837,8,7,9,0.33,8629,11,9,13,1343,3,2,4,5119,57714,8.9,1.02,25,23,27,17,9,1,0.32,21925,52,50,54,6705,16,15,18
2019,California,Lake,4263,9,7,10,0.55,3795,10,9,12,512,4,3,5,1706,29714,5.7,-0.1,26,23,28,23,3,1,0.62,17362,66,64,68,5110,21,18,23
2019,California,Lassen,936,5,4,6,-1.66,811,6,5,7,144,3,2,3,558,10005,5.6,-0.16,17,14,19,14,2,1,-1.88,6230,66,64,68,1364,15,12,18
2019,California,Los Angeles,926957,11,10,11,1.72,850572,13,13,13,85650,4,3,4,240293,5123933,4.7,-0.48,34,34,34,25,12,2,2.8,1512364,46,46,46,790360,25,25,25
2019,California,Madera,12189,10,8,11,1.15,10859,13,11,15,1479,3,2,4,4949,61443,8.1,0.73,25,24,27,17,10,1,0.52,27701,62,60,64,7334,17,15,19
2019,California,Marin,10687,5,5,6,-1.42,9364,6,5,7,1453,3,2,3,4038,141308,2.9,-1.13,23,22,24,20,3,1,-0.13,67296,64,63,65,19913,19,18,21
2019,California,Mariposa,990,8,6,9,0.02,871,9,7,10,134,4,3,6,451,7647,5.9,-0.04,17,13,21,15,1,2,-1.75,5259,71,65,77,1322,19,14,23
2019,California,Mendocino,6772,10,9,11,1.26,6021,12,10,14,837,4,3,6,1793,40003,4.5,-0.55,27,25,29,23,5,2,1,20230,59,57,61,7502,23,21,25
2019,California,Merced,19424,8,7,9,0.38,17287,11,10,13,2372,3,2,4,10801,116088,9.3,1.18,26,24,27,18,9,1,0.6,41206,52,51,53,13758,18,17,19
2019,California,Modoc,637,10,8,11,1.25,561,12,10,14,83,5,3,6,260,3230,8,0.73,19,14,24,17,2,1,-1.11,2655,73,70,75,540,16,11,21
2019,California,Mono,1221,10,9,12,1.49,1086,12,10,14,149,5,3,7,380,8568,4.4,-0.57,19,13,25,15,3,1,-1.19,2750,56,50,62,529,12,7,16
2019,California,Monterey,39855,11,10,12,1.91,36039,14,13,16,4245,4,3,5,15811,220120,7.2,0.42,30,29,31,20,13,1,1.76,63873,51,50,52,23677,19,18,20
2019,California,Napa,8215,7,6,8,-0.29,7171,9,7,10,1171,4,3,5,2701,73873,3.7,-0.85,23,21,24,18,6,1,-0.19,30954,63,62,64,8296,17,16,19
2019,California,Nevada,5060,7,6,8,-0.49,4454,8,7,9,680,4,3,5,1998,48659,4.1,-0.68,22,20,24,20,2,1,-0.45,29975,74,73,76,7547,19,17,21
2019,California,Orange,221792,8,8,9,0.28,203060,10,10,11,21245,3,2,3,56627,1618828,3.5,-0.9,28,27,28,21,9,1,1.12,588551,57,57,58,203776,20,20,21
2019,California,Placer,14032,5,4,5,-1.84,12164,5,5,6,2150,2,2,3,7004,182169,3.8,-0.78,19,18,20,17,2,1,-1.17,98153,71,70,72,22019,16,15,17
2019,California,Plumas,947,7,6,8,-0.42,826,8,7,9,137,4,3,5,692,7803,8.9,1.02,20,16,23,18,1,2,-1.07,6016,73,69,76,1392,17,14,21
2019,California,Riverside,197822,10,9,10,1.2,177834,13,12,13,22420,4,3,4,56252,1073843,5.2,-0.28,26,26,27,20,7,1,0.74,462788,65,65,66,140962,20,20,21
2019,California,Sacramento,75034,6,5,6,-1.11,67605,7,7,8,8432,2,2,3,32580,702049,4.6,-0.49,23,23,24,19,5,1,-0.08,295276,55,55,56,97858,19,18,19
2019,California,San Benito,3836,7,6,8,-0.19,3392,9,8,11,509,3,2,4,1765,30317,5.8,-0.07,25,22,28,17,9,1,0.38,11103,64,62,66,2674,16,14,18
2019,California,San Bernardino,169236,9,8,10,0.8,150250,12,11,12,20856,4,3,4,46582,950765,4.9,-0.4,27,27,28,21,9,1,1.09,369329,59,59,60,122274,20,20,21
2019,California,San Diego,226877,8,8,9,0.25,205416,10,9,11,24284,3,3,4,63465,1584655,4,-0.72,25,25,26,21,6,1,0.46,589144,53,53,53,223312,21,20,21
2019,California,San Francisco,34411,5,4,5,-1.76,31909,5,5,6,2859,2,2,3,16499,568722,2.9,-1.12,26,25,27,19,6,5,0.66,133812,37,37,38,61147,18,17,18
2019,California,San Joaquin,45873,7,7,8,-0.26,40944,9,9,10,5616,3,2,3,22612,324788,7,0.34,26,25,27,20,7,1,0.66,124734,56,55,57,41296,19,18,20
2019,California,San Luis Obispo,15158,7,6,8,-0.4,13613,8,7,9,1802,3,2,4,5089,142066,3.6,-0.87,24,22,25,20,4,1,0.04,63052,60,59,61,20006,20,18,21
2019,California,San Mateo,33832,5,5,6,-1.46,30469,6,6,7,3918,2,2,3,12121,452445,2.7,-1.2,24,23,25,18,7,1,0.17,156400,60,59,60,45696,18,17,18
2019,California,Santa Barbara,37611,10,9,11,1.52,34272,13,12,14,3832,4,3,5,9741,216954,4.5,-0.55,29,28,31,21,10,2,1.62,75308,52,51,53,29742,21,20,22
2019,California,Santa Clara,84393,5,5,5,-1.54,75973,6,6,7,9718,2,2,3,33415,1040558,3.2,-1,23,23,24,17,8,1,-0.04,358864,57,56,57,103607,17,16,17
2019,California,Santa Cruz,15954,7,6,8,-0.33,14359,8,7,10,1841,3,2,4,8154,143802,5.7,-0.12,27,26,28,22,6,1,1.03,56992,60,58,61,20777,22,21,24
2019,California,Shasta,9511,7,6,8,-0.57,8473,8,7,9,1156,3,2,4,4321,74476,5.8,-0.08,22,21,23,19,3,2,-0.48,44095,63,61,64,13789,20,19,21
2019,California,Sierra,147,7,6,8,-0.37,130,8,6,10,18,4,2,5,85,1301,6.5,0.18,12,6,19,12,0,0,-3,963,80,76,84,209,18,8,27
2019,California,Siskiyou,2637,8,7,9,0.22,2303,10,8,11,367,4,3,5,1301,17963,7.2,0.44,22,20,24,18,3,3,-0.39,12457,66,64,67,3223,18,16,20
2019,California,Solano,22453,6,5,7,-0.92,20094,8,7,8,2673,3,2,3,9942,209199,4.8,-0.45,22,21,23,18,4,1,-0.46,88381,60,59,61,25425,18,17,18
2019,California,Sonoma,30544,8,7,8,-0.11,27363,9,8,10,3600,3,3,4,8835,262807,3.4,-0.95,24,23,25,20,5,1,0.09,114608,60,60,61,35302,19,18,20
2019,California,Stanislaus,31825,7,6,8,-0.52,28483,9,8,10,3808,3,2,3,18165,243235,7.5,0.52,25,24,26,20,7,1,0.49,97790,57,56,58,30782,19,18,19
2019,California,Sutter,7650,9,8,11,0.98,6723,12,10,14,1020,4,3,5,3935,45739,8.6,0.93,22,20,24,16,7,1,-0.35,18357,57,55,59,4770,15,14,17
2019,California,Tehama,3921,8,7,9,0,3447,10,8,11,525,3,2,4,1630,25598,6.4,0.13,20,17,22,16,5,1,-1.05,15934,67,65,69,4175,18,16,21
2019,California,Trinity,854,9,8,11,0.81,726,10,8,12,139,6,4,8,301,4991,6,0,22,18,27,17,4,3,-0.38,3758,69,65,73,1000,19,14,24
2019,California,Tulare,39771,10,9,11,1.27,35233,13,12,15,4998,3,2,4,21401,205423,10.4,1.58,28,27,29,19,11,1,1.13,75975,56,55,57,25864,20,19,21
2019,California,Tuolumne,2249,6,5,7,-1,1972,7,6,8,312,3,2,4,1158,21477,5.4,-0.22,20,18,23,17,3,1,-0.93,15458,69,67,72,3739,17,15,20
2019,California,Ventura,69811,10,9,11,1.16,64231,12,11,13,6345,3,2,4,19140,426116,4.5,-0.55,24,24,25,19,7,1,0.24,170678,63,62,64,48745,18,18,19
2019,California,Yolo,12177,7,6,8,-0.58,11086,8,7,9,1274,3,2,3,5402,107775,5,-0.36,25,23,26,21,5,1,0.36,37809,52,51,53,14114,20,19,22
2019,California,Yuba,4607,7,6,8,-0.35,4074,9,8,11,589,3,2,4,2125,28546,7.4,0.51,24,21,26,16,8,2,0.05,15063,58,56,60,4005,16,14,18
2019,Wyoming,Albany,3723,12,10,14,-1.04,3300,13,11,15,491,8,5,10,583,20471,2.8,-1.57,23,20,27,21,2,1,3.46,7940,50,48,51,3003,19,16,22
2019,Wyoming,Big Horn,1673,18,15,20,1.52,1329,21,18,24,377,12,8,15,223,5396,4.1,0.18,11,8,14,8,2,1,-0.09,3255,73,70,76,381,9,6,12
2019,Wyoming,Campbell,5161,12,10,13,-1.11,4213,14,12,15,1028,7,5,9,1138,23083,4.9,1.26,9,7,12,6,3,1,-0.62,12575,71,69,74,1583,9,7,12
2019,Wyoming,Carbon,1847,15,13,17,0.25,1514,17,15,20,360,9,7,12,316,7957,4,-0.04,11,8,14,9,3,0,-0.07,4390,71,67,74,539,9,6,13
2019,Wyoming,Converse,1400,12,10,13,-1.09,1158,14,12,16,262,7,5,9,330,7481,4.4,0.56,9,6,12,5,4,0,-0.74,4123,73,69,77,319,6,3,9
2019,Wyoming,Crook,823,14,12,16,-0.23,655,15,13,18,181,10,7,13,128,3679,3.5,-0.71,8,5,12,5,2,3,-0.9,2388,79,77,81,178,6,2,10
2019,Wyoming,Fremont,6914,21,19,23,3.04,5534,25,22,27,1470,14,11,17,1080,19407,5.6,2.13,13,11,15,8,3,1,0.31,10699,71,69,72,1172,8,7,10
2019,Wyoming,Goshen,1451,15,13,18,0.54,1187,17,15,20,284,10,7,14,197,6983,2.8,-1.6,11,8,14,10,1,0,-0.25,4050,76,73,79,488,9,6,13
2019,Wyoming,Hot Springs,472,14,12,16,-0.23,404,16,13,19,76,8,6,10,90,2329,3.9,-0.19,13,8,18,11,2,1,0.38,1727,77,72,81,215,10,5,15
2019,Wyoming,Johnson,1013,15,13,18,0.55,840,18,15,21,186,10,7,13,174,4196,4.1,0.2,11,7,15,9,0,3,-0.09,2718,72,69,75,444,13,7,18
2019,Wyoming,Laramie,8707,11,9,12,-1.49,7488,13,11,14,1340,6,4,7,1779,48162,3.7,-0.42,11,10,12,10,1,1,-0.17,26650,69,68,71,4000,11,9,12
2019,Wyoming,Lincoln,2128,13,11,15,-0.36,1689,15,13,18,475,9,6,12,325,8727,3.7,-0.38,10,7,13,7,3,1,-0.49,5539,78,76,81,495,7,5,10
2019,Wyoming,Natrona,9464,14,12,15,-0.15,8145,17,15,19,1416,7,5,9,2102,39569,5.3,1.78,11,9,12,9,2,1,-0.27,21976,67,65,68,2995,9,8,11
2019,Wyoming,Niobrara,274,16,14,18,0.8,230,18,15,21,49,10,7,14,36,1319,2.7,-1.73,14,7,22,14,0,0,0.82,703,72,64,79,158,18,8,28
2019,Wyoming,Park,3289,15,13,16,0.19,2759,17,14,19,573,9,6,12,664,15688,4.2,0.31,8,6,11,7,2,0,-0.93,8534,72,70,75,847,8,5,10
2019,Wyoming,Platte,857,13,11,15,-0.43,726,15,13,17,144,8,5,10,178,4783,3.7,-0.38,10,6,14,10,1,0,-0.42,2856,76,67,86,306,9,4,14
2019,Wyoming,Sheridan,2861,12,10,14,-0.86,2429,14,12,16,473,7,5,9,627,15791,4,-0.04,12,9,15,10,2,1,0.23,9001,69,65,72,1440,11,9,14
2019,Wyoming,Sublette,1144,14,12,16,-0.21,888,15,12,17,271,11,8,14,186,4252,4.4,0.51,6,3,9,4,1,1,-1.59,2419,76,68,83,118,4,0,8
2019,Wyoming,Sweetwater,4975,13,11,14,-0.59,4164,15,13,17,878,7,5,9,982,21581,4.6,0.75,10,8,11,7,3,0,-0.57,12001,74,72,76,1466,9,7,12
2019,Wyoming,Teton,3005,15,13,17,0.36,2514,16,14,19,523,11,8,15,462,15467,3,-1.38,16,12,20,11,4,2,1.33,5142,58,55,62,911,11,7,14
2019,Wyoming,Uinta,2255,13,11,14,-0.67,1802,15,13,17,488,8,5,10,411,9138,4.5,0.68,11,8,14,9,3,0,-0.12,5556,72,69,76,626,8,5,12
2019,Wyoming,Washakie,1072,17,14,19,1.1,889,20,17,22,197,10,7,13,168,4115,4.1,0.11,11,7,14,8,2,1,-0.29,2657,76,72,80,295,9,5,13
2019,Wyoming,Weston,802,14,12,16,0.09,670,17,14,19,145,9,6,12,150,3771,4,-0.03,15,10,20,12,3,3,1.08,2437,77,73,80,380,12,7,17
2019,South Carolina,Abbeville,2295,12,10,14,-0.26,2081,15,13,17,236,4,3,6,463,10103,4.6,-0.34,15,12,17,13,2,0,-0.06,1284532,69,68,69,240008,13,13,14
2019,South Carolina,Aiken,15802,12,10,13,-0.47,14169,14,13,16,1793,5,3,6,3056,74442,4.1,-0.77,13,12,15,11,2,1,-0.7,1284532,69,68,69,240008,13,13,14
2019,South Carolina,Allendale,689,11,9,13,-0.78,638,14,12,17,58,3,2,5,188,2741,6.9,1.7,14,10,19,14,1,1,-0.27,1284532,69,68,69,240008,13,13,14
2019,South Carolina,Anderson,18515,12,10,13,-0.56,16869,15,13,16,1824,4,3,5,3514,89559,3.9,-0.93,13,12,14,11,2,1,-0.76,1284532,69,68,69,240008,13,13,14
2019,South Carolina,Bamberg,1335,12,11,14,-0.11,1223,15,13,18,123,4,3,6,388,5230,7.4,2.2,17,12,21,14,2,2,0.76,1284532,69,68,69,240008,13,13,14
2019,South Carolina,Barnwell,1904,11,9,13,-0.96,1710,14,12,16,216,4,3,5,488,8082,6,0.96,14,11,17,13,3,0,-0.3,1284532,69,68,69,240008,13,13,14
2019,South Carolina,Beaufort,18431,14,13,16,0.87,16218,17,15,19,2378,7,5,8,2991,74104,4,-0.83,18,16,19,16,2,1,1.32,1284532,69,68,69,240008,13,13,14
2019,South Carolina,Berkeley,20180,11,10,12,-0.79,18408,14,13,16,1993,4,3,5,3761,98452,3.8,-1.02,15,14,16,14,1,0,-0.01,1284532,69,68,69,240008,13,13,14
2019,South Carolina,Calhoun,1433,12,11,14,-0.06,1275,15,12,17,171,6,4,8,355,6848,5.2,0.2,17,13,21,14,2,1,0.78,1284532,69,68,69,240008,13,13,14
2019,South Carolina,Charleston,40835,13,11,14,-0.03,37712,15,14,17,3452,4,3,5,7135,204937,3.5,-1.33,20,19,21,18,1,1,2.24,1284532,69,68,69,240008,13,13,14
2019,South Carolina,Cherokee,5518,12,10,14,-0.4,5043,15,13,17,525,4,3,5,1185,24094,4.9,-0.04,13,11,15,10,2,1,-0.79,1284532,69,68,69,240008,13,13,14
2019,South Carolina,Chester,3076,12,10,13,-0.45,2788,15,12,17,314,4,3,6,816,13592,6,0.93,15,13,18,13,2,1,0.14,1284532,69,68,69,240008,13,13,14
2019,South Carolina,Chesterfield,5224,14,12,16,0.79,4795,17,15,20,472,4,3,6,941,21621,4.4,-0.55,16,14,19,14,3,0,0.71,1284532,69,68,69,240008,13,13,14
2019,South Carolina,Clarendon,3477,14,12,16,0.82,3209,17,15,20,292,4,3,6,742,12425,6,0.9,14,12,17,12,2,2,-0.17,1284532,69,68,69,240008,13,13,14
2019,South Carolina,Colleton,4016,13,12,15,0.51,3627,17,14,19,421,5,3,7,808,16844,4.8,-0.15,16,13,18,13,2,1,0.45,1284532,69,68,69,240008,13,13,14
2019,South Carolina,Darlington,6656,12,11,14,-0.11,6074,16,13,18,645,4,3,5,1583,29830,5.3,0.31,15,13,17,14,2,1,0.14,1284532,69,68,69,240008,13,13,14
2019,South Carolina,Dillon,3647,14,13,16,1.11,3308,19,16,21,368,5,3,6,717,12574,5.7,0.66,17,14,21,14,3,1,1.16,1284532,69,68,69,240008,13,13,14
2019,South Carolina,Dorchester,13211,10,9,11,-1.52,11797,12,11,14,1587,4,3,5,2850,74263,3.8,-1.01,15,14,17,14,1,1,0.1,1284532,69,68,69,240008,13,13,14
2019,South Carolina,Edgefield,2424,13,11,14,0.03,2169,15,13,17,280,5,4,7,482,10557,4.6,-0.36,12,10,14,11,2,0,-1.22,1284532,69,68,69,240008,13,13,14
2019,South Carolina,Fairfield,2171,12,10,14,-0.21,1986,15,12,17,203,4,3,6,740,10045,7.4,2.15,15,11,18,14,1,1,-0.01,1284532,69,68,69,240008,13,13,14
2019,South Carolina,Florence,11668,10,9,11,-1.32,10638,13,11,15,1153,3,2,4,2989,65368,4.6,-0.35,14,13,16,12,2,1,-0.29,1284532,69,68,69,240008,13,13,14
2019,South Carolina,Georgetown,6228,14,12,16,0.78,5593,17,14,19,693,6,4,8,1396,25289,5.5,0.5,16,14,18,15,1,1,0.64,1284532,69,68,69,240008,13,13,14
2019,South Carolina,Greenville,51503,12,11,13,-0.08,46587,16,14,17,5439,5,3,6,9061,247585,3.7,-1.17,14,13,14,12,2,1,-0.51,1284532,69,68,69,240008,13,13,14
2019,South Carolina,Greenwood,7474,14,12,15,0.55,6630,17,14,19,917,6,4,7,1398,30880,4.5,-0.39,15,13,17,13,2,2,0.22,1284532,69,68,69,240008,13,13,14
2019,South Carolina,Hampton,1752,12,10,13,-0.45,1588,15,13,17,182,4,3,5,367,8210,4.5,-0.44,13,10,15,10,3,0,-0.94,1284532,69,68,69,240008,13,13,14
2019,South Carolina,Horry,39291,16,15,17,1.99,36276,19,18,21,3309,5,4,7,7106,143389,5,-0.01,18,17,19,16,2,1,1.25,1284532,69,68,69,240008,13,13,14
2019,South Carolina,Jasper,3895,18,16,20,3.23,3566,23,19,26,357,6,4,8,445,12228,3.6,-1.19,19,14,24,18,3,0,1.8,1284532,69,68,69,240008,13,13,14
2019,South Carolina,Kershaw,6276,12,10,13,-0.39,5674,15,13,17,664,4,3,6,1320,29130,4.5,-0.39,12,10,14,11,1,0,-1.06,1284532,69,68,69,240008,13,13,14
2019,South Carolina,Lancaster,7205,10,9,12,-1.3,6424,13,11,15,851,4,3,6,1819,39127,4.6,-0.28,13,11,14,11,1,1,-0.96,1284532,69,68,69,240008,13,13,14
2019,South Carolina,Laurens,6315,12,10,14,-0.35,5791,15,13,17,582,4,3,5,1325,30194,4.4,-0.51,13,11,15,11,2,1,-0.8,1284532,69,68,69,240008,13,13,14
2019,South Carolina,Lee,1619,13,11,15,0.1,1495,16,14,19,138,4,2,5,387,6414,6,0.96,16,12,19,14,3,2,0.37,1284532,69,68,69,240008,13,13,14
2019,South Carolina,Lexington,26350,11,10,12,-0.98,24035,14,12,15,2610,4,3,5,5354,147870,3.6,-1.2,13,12,14,11,2,1,-0.84,1284532,69,68,69,240008,13,13,14
2019,South Carolina,McCormick,604,11,10,13,-0.79,551,13,11,15,57,5,3,6,155,3385,4.6,-0.34,9,6,11,8,1,0,-2.72,1284532,69,68,69,240008,13,13,14
2019,South Carolina,Marion,3347,13,11,15,0.37,3082,17,14,19,288,4,3,5,930,12541,7.4,2.2,17,14,20,16,1,1,0.87,1284532,69,68,69,240008,13,13,14
2019,South Carolina,Marlboro,2678,14,12,16,0.7,2467,17,15,20,236,4,3,6,607,9257,6.6,1.43,14,12,17,12,3,1,-0.2,1284532,69,68,69,240008,13,13,14
2019,South Carolina,Newberry,4003,13,12,15,0.53,3550,16,14,19,493,6,4,7,771,18491,4.2,-0.71,12,9,14,9,2,1,-1.42,1284532,69,68,69,240008,13,13,14
2019,South Carolina,Oconee,8331,14,13,16,0.97,7555,17,15,20,845,5,4,7,1498,34315,4.4,-0.54,15,13,17,13,2,1,-0.03,1284532,69,68,69,240008,13,13,14
2019,South Carolina,Orangeburg,8866,13,11,15,0.24,8140,16,14,19,797,4,3,5,2505,35174,7.1,1.93,17,16,18,15,2,1,0.97,1284532,69,68,69,240008,13,13,14
2019,South Carolina,Pickens,12359,13,11,14,0.12,11353,15,14,17,1130,5,3,6,2338,56658,4.1,-0.75,17,15,18,14,2,1,0.81,1284532,69,68,69,240008,13,13,14
2019,South Carolina,Richland,31317,9,9,10,-1.79,28530,12,11,13,3190,4,3,4,8525,199987,4.3,-0.63,18,17,19,16,2,1,1.34,1284532,69,68,69,240008,13,13,14
2019,South Carolina,Saluda,2805,17,15,20,2.82,2542,22,19,25,284,6,4,8,347,8854,3.9,-0.94,11,8,14,11,1,0,-1.59,1284532,69,68,69,240008,13,13,14
2019,South Carolina,Spartanburg,31050,13,11,14,0.02,27810,16,14,17,3575,5,4,6,5876,146296,4,-0.85,14,13,15,12,2,1,-0.34,1284532,69,68,69,240008,13,13,14
2019,South Carolina,Sumter,10544,12,11,13,-0.32,9445,15,13,17,1200,4,3,6,2318,44112,5.3,0.26,15,13,16,12,3,1,-0.03,1284532,69,68,69,240008,13,13,14
2019,South Carolina,Union,2504,11,10,13,-0.65,2291,14,12,16,233,4,3,5,630,11759,5.4,0.35,12,10,14,10,2,1,-1.41,1284532,69,68,69,240008,13,13,14
2019,South Carolina,Williamsburg,2977,12,10,14,-0.16,2735,15,13,18,264,4,2,5,786,12389,6.3,1.24,19,16,21,17,1,1,1.77,1284532,69,68,69,240008,13,13,14
2019,South Carolina,York,22999,10,9,12,-1.24,20562,13,12,14,2703,4,3,5,5301,133410,4,-0.89,14,13,15,12,1,1,-0.41,1284532,69,68,69,240008,13,13,14
